AnmManager,th06::AnmVm,th06::AnmManager
AsciiManager,th06::AsciiManager,th06::StageMenu
BombData,th06::BombData
BulletManager,th06::BulletManager
EclManager,th06::EclManager
EffectManager,th06::EffectManager
Ending,th06::Ending
EnemyEclInstr,th06::EnemyEclInstr
EnemyManager,th06::EnemyManager,th06::Enemy
FileAbstraction,th06::FileAbstraction
GameManager,th06::GameManager
GameWindow,th06::GameWindow
Global,th06::Chain,th06::ChainElem,th06::CMyFont,th06::Controller,th06::FileSystem,th06::GameErrorContext,th06::Rng,th06::utils
Gui,th06::Gui,th06::GuiImpl
IPbg3Parser,th06::IPbg3Parser
ItemManager,th06::ItemManager
MainMenu,th06::MainMenu
MidiOutput,th06::MidiDevice,th06::MidiTimer,th06::MidiOutput
MusicRoom,th06::MusicRoom
Pbg3Archive,th06::Pbg3Archive
Pbg3Parser,th06::Pbg3Parser
Player,th06::Player
ReplayManager,th06::ReplayManager
ResultScreen,th06::ResultScreen
ScreenEffect,th06::ScreenEffect
SoundPlayer,th06::SoundPlayer
Stage,th06::Stage,th06::AnmManager::ExecuteAnmIdx
Supervisor,th06::Supervisor
TextHelper,th06::TextHelper
ZunTimer,th06::ZunTimer
main,WinMain
zwave,th06::CSound,th06::CSoundManager,th06::CStreamingSound,th06::CWaveFile
