address,type,size
0x46a2b4,float,4
0x46a2b8,float,4
0x46a2bc,float,4
0x46a2c0,float,4
0x46a3e4,float,4
0x46a3e8,float,4
0x46a3ec,float,4
0x46a3f0,float,4
0x46a408,float,4
0x46a40c,float,4
0x46a440,float,4
0x46a444,float,4
0x46a448,float,4
0x46a44c,float,4
0x46a46c,float,4
0x46a470,float,4
0x46a474,float,4
0x46a478,float,4
0x46a4c4,float,4
0x46a4c8,float,4
0x46a4cc,float,4
0x46a4d0,float,4
0x46a4d4,float,4
0x46a4d8,float,4
0x46a4dc,float,4
0x46a4e0,float,4
0x46a518,float,4
0x46a51c,float,4
0x46a520,float,4
0x46a524,float,4
0x46a528,float,4
0x46a52c,float,4
0x46a530,float,4
0x46a534,float,4
0x46a540,float,4
0x46a548,float,4
0x46a560,float,4
0x46a564,float,4
0x46a568,float,4
0x46a56c,float,4
0x46a570,float,4
0x46a574,float,4
0x46a578,float,4
0x46a57c,float,4
0x46a580,float,4
0x46a584,float,4
0x46a588,float,4
0x46a58c,float,4
0x46a590,float,4
0x46a6dc,float,4
0x46a6e0,float,4
0x46a6e4,float,4
0x46a7b0,float,4
0x46a7b4,float,4
0x46a7b8,float,4
0x46a7bc,float,4
0x46a7c0,float,4
0x46a7c4,float,4
0x46a7c8,float,4
0x46a7ec,float,4
0x46a7f0,float,4
0x46a80c,float,4
0x46a810,float,4
0x46a988,float,4
0x46ac14,float,4
0x46ac18,float,4
0x46ac1c,float,4
0x46ac20,float,4
0x46ac2c,float,4
0x46ac30,float,4
0x46ac34,float,4
0x46ac38,float,4
0x46ac3c,float,4
0x46ac40,float,4
0x46ac44,float,4
0x46ac48,float,4
0x46ac4c,float,4
0x46ac50,float,4
0x46ac54,float,4
0x46ac58,float,4
0x46ac5c,float,4
0x46ac6c,float,4
0x46ac70,float,4
0x46ac74,float,4
0x46ac78,float,4
0x46aca0,float,4
0x46acb0,float,4
0x46acb4,float,4
0x46afa0,float,4
0x46afa4,float,4
0x46afa8,float,4
0x46b140,float,4
0x46b144,float,4
0x46b148,float,4
0x46b14c,float,4
0x46b198,float,8
0x46b1a0,float,8
0x46b1a8,float,8
0x46b1b0,float,8
0x46b1b8,float,8
0x46b1c0,float,8
0x46b710,float,4
0x46b714,float,4
0x46b718,float,4
0x46b71c,float,4
0x46b720,float,4
0x46b730,float,4
0x46b734,float,4
0x46ba4c,float,4
0x46ba58,float,4
0x46bac4,float,4
0x46bac8,float,4
0x46bb28,float,4
0x46bb2c,float,4
0x46bcb8,float,4
0x46bcc4,float,4
0x46bcc8,float,4
0x46bce8,float,4
0x46c2f0,float,4
0x46c2f8,float,8
0x46c32c,float,4
0x46c330,float,4
0x46c334,float,4
0x46c338,float,4
0x46c33c,float,4
0x46c340,float,4
0x46c344,float,4
0x46c348,float,4
0x46c34c,float,4
0x46c350,float,4
0x46c354,float,4
0x46c358,float,4
0x46c35c,float,4
0x46c360,float,4
0x46c364,float,4
0x46c3a0,float,4
0x46c4d8,float,4
0x46c4dc,float,4
0x474884,float,4
0x487e48,float,4
0x487e4c,float,4
0x6c6bf8,float,8
