name,address,type
th06::AsciiManager::AsciiManager,0x401000,function
th06::StageMenu::StageMenu,0x4010e0,function
th06::AsciiManager::OnUpdate,0x401140,function
th06::AsciiManager::OnDrawMenus,0x401250,function
th06::AsciiManager::OnDrawPopups,0x401290,function
th06::AsciiManager::RegisterChain,0x4012c0,function
th06::AsciiManager::AddedCallback,0x4013a0,function
th06::AsciiManager::InitializeVms,0x401410,function
th06::AsciiManager::DeletedCallback,0x4014d0,function
th06::AsciiManager::CutChain,0x401500,function
th06::AsciiManager::AddString,0x401530,function
th06::AsciiManager::AddFormatText,0x401650,function
th06::AsciiManager::DrawStrings,0x4016b0,function
th06::AsciiManager::CreatePopup1,0x401940,function
th06::AsciiManager::CreatePopup2,0x401a60,function
th06::StageMenu::OnUpdateGameMenu,0x401b80,function
th06::StageMenu::OnDrawGameMenu,0x402740,function
th06::StageMenu::OnUpdateRetryMenu,0x402870,function
th06::StageMenu::OnDrawRetryMenu,0x403060,function
th06::AsciiManager::DrawPopupsWithHwVertexProcessing,0x4031e0,function
th06::AsciiManager::DrawPopupsWithoutHwVertexProcessing,0x4033b0,function
th06::AnmVm::Initialize,0x403580,function
D3DXMatrixIdentity,0x403670,function
th06::AnmVm::AnmVm,0x403720,function
th06::Stage::Stage,0x403790,function
th06::Stage::OnUpdate,0x403810,function
th06::Stage::OnDrawHighPrio,0x4040d0,function
th06::Stage::OnDrawLowPrio,0x404180,function
th06::Stage::AddedCallback,0x404300,function
th06::Stage::RegisterChain,0x4044c0,function
th06::Stage::DeletedCallback,0x4045e0,function
th06::Stage::CutChain,0x404650,function
th06::Stage::LoadStageData,0x404690,function
th06::Stage::UpdateObjects,0x404860,function
th06::Stage::RenderObjects,0x404970,function
th06::AnmManager::ExecuteAnmIdx,0x4051b0,function
th06::BombData::BombReimuACalc,0x405260,function
th06::BombData::BombReimuADraw,0x405c10,function
th06::BombData::DarkenViewport,0x406020,function
th06::BombData::BombReimuBCalc,0x406160,function
th06::BombData::BombReimuBDraw,0x4065e0,function
th06::BombData::BombMarisaACalc,0x4066f0,function
th06::BombData::BombMarisaADraw,0x406b10,function
th06::BombData::BombMarisaBCalc,0x406e70,function
th06::BombData::BombMarisaBDraw,0x4071b0,function
th06::EclManager::Load,0x407340,function
th06::EclManager::Unload,0x407400,function
th06::EclManager::CallEclSub,0x407440,function
th06::EclManager::RunEcl,0x4074a0,function
th06::EnemyEclInstr::MoveDirTime,0x40abe0,function
th06::EnemyEclInstr::MovePosTime,0x40ad10,function
th06::EnemyEclInstr::MoveTime,0x40ae80,function
th06::EnemyEclInstr::GetVar,0x40afb0,function
th06::EnemyEclInstr::GetVarFloat,0x40b380,function
th06::EnemyEclInstr::SetVar,0x40b3c0,function
th06::EnemyEclInstr::MathAdd,0x40b420,function
th06::EnemyEclInstr::MathSub,0x40b4d0,function
th06::EnemyEclInstr::MathMul,0x40b580,function
th06::EnemyEclInstr::MathDiv,0x40b650,function
th06::EnemyEclInstr::MathMod,0x40b700,function
th06::EnemyEclInstr::MathAtan2,0x40b7d0,function
D3DXVec3Length,0x40b890,function
th06::EnemyEclInstr::ExInsCirnoRainbowBallJank,0x40b8e0,function
th06::EnemyEclInstr::ExInsShootAtRandomArea,0x40ba80,function
th06::EnemyEclInstr::ExInsShootStarPattern,0x40bb80,function
th06::EnemyEclInstr::ExInsPatchouliShottypeSetVars,0x40c100,function
th06::EnemyEclInstr::ExInsStage56Func4,0x40c180,function
th06::EnemyEclInstr::ExInsStage5Func5,0x40c5b0,function
th06::EnemyEclInstr::ExInsBatWingEffect,0x40caf0,function
th06::EnemyEclInstr::ExInsStage6Func7,0x40d040,function
th06::EnemyEclInstr::ExInsStage6Func8,0x40d400,function
th06::EnemyEclInstr::ExInsStage6Func9,0x40d530,function
th06::EnemyEclInstr::ExInsStage6Func11,0x40d770,function
th06::EnemyEclInstr::ExInsHandleBatTransformation,0x40d930,function
th06::EnemyEclInstr::ExInsStage4Func12,0x40daa0,function
th06::EnemyEclInstr::ExInsStageXFunc13,0x40dbc0,function
th06::EnemyEclInstr::ExInsStageXFunc14,0x40dcc0,function
th06::EnemyEclInstr::ExInsStageXFunc15,0x40de00,function
th06::EnemyEclInstr::ExInsFlandreFinalContextUpdate,0x40e1b0,function
th06::EffectManager::EffectManager,0x40e2d0,function
th06::EffectManager::Reset,0x40e340,function
th06::EffectManager::EffectCallbackRandomSplash,0x40e360,function
th06::EffectManager::EffectCallbackRandomSplashBig,0x40e5b0,function
th06::EffectManager::EffectCallbackStill,0x40e810,function
th06::EffectManager::EffectUpdateCallback4,0x40e920,function
th06::EffectManager::EffectCallbackAttract,0x40ec10,function
th06::EffectManager::EffectCallbackAttractSlow,0x40edb0,function
th06::EffectManager::SpawnParticles,0x40ef50,function
th06::EffectManager::OnUpdate,0x40f100,function
th06::EffectManager::OnDraw,0x40f1f0,function
th06::EffectManager::AddedCallback,0x40f280,function
th06::EffectManager::DeletedCallback,0x40f3d0,function
th06::EffectManager::RegisterChain,0x40f3f0,function
th06::EffectManager::CutChain,0x40f4a0,function
th06::Ending::ReadEndFileParameter,0x40f4d0,function
th06::Ending::FadingEffect,0x40f550,function
th06::Ending::ParseEndFile,0x40f7c0,function
th06::Ending::LoadEnding,0x4106d0,function
th06::Ending::RegisterChain,0x4107b0,function
th06::Ending::Ending,0x4108b0,function
th06::Ending::OnUpdate,0x4109c0,function
th06::Ending::OnDraw,0x410a70,function
th06::Ending::AddedCallback,0x410b10,function
th06::Ending::DeletedCallback,0x410d80,function
th06::EnemyManager::Initialize,0x410e30,function
th06::EnemyManager::EnemyManager,0x411190,function
th06::Enemy::Enemy,0x411240,function
th06::EnemyManager::SpawnEnemy,0x411390,function
th06::Enemy::ResetEffectArray,0x4114c0,function
th06::EnemyManager::RunEclTimeline,0x411530,function
th06::Enemy::HandleLifeCallback,0x411da0,function
th06::Enemy::HandleTimerCallback,0x411f40,function
th06::Enemy::Despawn,0x4121b0,function
th06::Enemy::ClampPos,0x412240,function
th06::EnemyManager::RegisterChain,0x412320,function
th06::EnemyManager::OnUpdate,0x4123e0,function
th06::Enemy::UpdateEffects,0x412e50,function
th06::EnemyManager::OnDraw,0x412f10,function
th06::EnemyManager::AddedCallback,0x413220,function
th06::EnemyManager::DeletedCallback,0x413320,function
th06::EnemyManager::CutChain,0x413350,function
th06::Enemy::Move,0x413380,function
th06::BulletManager::InitializeToZero,0x413430,function
th06::BulletManager::BulletManager,0x413450,function
th06::BulletTypeSprites::BulletTypeSprites,0x413560,function
th06::BulletManager::SpawnSingleBullet,0x4135b0,function
th06::BulletManager::RemoveAllBullets,0x414160,function
th06::BulletManager::TurnAllBulletsIntoPoints,0x414340,function
th06::BulletManager::DespawnBullets,0x414360,function
th06::BulletManager::SpawnBulletPattern,0x4145c0,function
th06::BulletManager::SpawnLaserPattern,0x414670,function
th06::BulletManager::RegisterChain,0x4148f0,function
th06::BulletManager::OnUpdate,0x4149d0,function
th06::BulletManager::OnDraw,0x416500,function
th06::BulletManager::DrawBullet,0x416b50,function
th06::BulletManager::DrawBulletNoHwVertex,0x416c50,function
th06::BulletManager::AddedCallback,0x416d60,function
th06::BulletManager::DeletedCallback,0x417270,function
th06::BulletManager::CutChain,0x4172b0,function
th06::Gui::IsStageFinished,0x4172d3,function
th06::Gui::EndPlayerSpellcard,0x417314,function
th06::Gui::EndEnemySpellcard,0x41732c,function
th06::Gui::IsDialogueSkippable,0x417344,function
th06::Gui::ShowBonusScore,0x41735a,function
th06::Gui::ShowFullPowerMode,0x4173d9,function
th06::Gui::ShowSpellcardBonus,0x417458,function
th06::Gui::OnUpdate,0x4174d7,function
th06::Gui::OnDraw,0x417502,function
th06::Gui::ShowBombNamePortrait,0x417acd,function
th06::Gui::ShowSpellcard,0x417bfd,function
th06::Gui::ActualAddedCallback,0x417d29,function
th06::Gui::LoadMsg,0x418665,function
th06::Gui::FreeMsgFile,0x41872a,function
th06::Gui::MsgRead,0x418768,function
th06::GuiImpl::MsgRead,0x41878b,function
th06::GuiImpl::RunMsg,0x4188c9,function
th06::GuiImpl::DrawDialogue,0x4190ec,function
th06::Gui::MsgWait,0x419572,function
th06::Gui::HasCurrentMsgIdx,0x4195a2,function
th06::Gui::UpdateStageElements,0x4195bf,function
th06::Gui::DrawGameScene,0x419c99,function
th06::Gui::DrawStageElements,0x41adf3,function
th06::Gui::AddedCallback,0x41b1a4,function
th06::Gui::DeletedCallback,0x41b1b1,function
th06::Gui::RegisterChain,0x41b252,function
th06::GuiImpl::GuiImpl,0x41b34b,function
th06::GuiMsgVm::GuiMsgVm,0x41b4c4,function
th06::Gui::CutChain,0x41b58c,function
th06::ZunTimer::NextTick,0x41b5af,function
th06::GameManager::IsInBounds,0x41b5e1,function
th06::GameManager::OnUpdate,0x41b663,function
th06::GameManager::OnDraw,0x41ba4a,function
th06::GameManager::RegisterChain,0x41ba6a,function
th06::GameManager::AddedCallback,0x41bb02,function
th06::GameManager::DeletedCallback,0x41c1f7,function
th06::GameManager::CutChain,0x41c269,function
th06::GameManager::SetupCameraStageBackground,0x41c28c,function
th06::GameManager::SetupCamera,0x41c3f3,function
th06::GameManager::IncreaseSubrank,0x41c57e,function
th06::GameManager::DecreaseSubrank,0x41c5fa,function
th06::GameManager::GameManager,0x41c676,function
th06::Chain::~Chain,0x41c6d0,function
th06::ChainElem::ChainElem,0x41c720,function
th06::ChainElem::~ChainElem,0x41c790,function
th06::Chain::Chain,0x41c7f0,function
th06::Chain::AddToCalcChain,0x41c860,function
th06::Chain::AddToDrawChain,0x41c940,function
th06::Chain::RunCalcChain,0x41ca10,function
th06::Chain::RunDrawChain,0x41cad0,function
th06::Chain::ReleaseSingleChain,0x41cb90,function
th06::Chain::Release,0x41cd10,function
th06::Chain::CreateElem,0x41cd40,function
th06::Chain::Cut,0x41cde0,function
th06::Controller::GetJoystickCaps,0x41cf60,function
th06::Controller::GetControllerInput,0x41cfc0,function
th06::Controller::SetButtonFromDirectInputJoystate,0x41d580,function
th06::Controller::SetButtonFromControllerInputs,0x41d600,function
th06::Controller::GetControllerState,0x41d680,function
th06::Controller::GetInput,0x41d820,function
th06::Controller::ResetKeyboard,0x41e0c0,function
th06::CMyFont::Init,0x41e150,function
th06::CMyFont::Print,0x41e210,function
th06::CMyFont::Clean,0x41e260,function
th06::FileSystem::OpenPath,0x41e290,function
th06::FileSystem::WriteDataToFile,0x41e460,function
th06::GameErrorContext::Log,0x41e4d0,function
th06::GameErrorContext::Fatal,0x41e620,function
th06::Rng::GetRandomU16,0x41e780,function
th06::Rng::GetRandomU32,0x41e7f0,function
th06::Rng::GetRandomF32ZeroToOne,0x41e820,function
th06::utils::AddNormalizeAngle,0x41e850,function
th06::utils::Rotate,0x41e8d0,function
th06::utils::DebugPrint2,0x41e940,function
th06::TextHelper::TextHelper,0x41e945,function
th06::TextHelper::~TextHelper,0x41e981,function
th06::TextHelper::ReleaseBuffer,0x41e992,function
th06::TextHelper::AllocateBufferWithFallback,0x41ea04,function
th06::TextHelper::TryAllocateBuffer,0x41ea63,function
th06::TextHelper::GetFormatInfo,0x41ec22,function
th06::TextHelper::InvertAlpha,0x41ec72,function
th06::TextHelper::CopyTextToSurface,0x41ef11,function
th06::TextHelper::CreateTextBuffer,0x41f008,function
th06::TextHelper::ReleaseTextBuffer,0x41f02b,function
th06::TextHelper::RenderTextToTexture,0x41f050,function
th06::ItemManager::ItemManager,0x41f230,function
th06::ItemManager::SpawnItem,0x41f290,function
th06::ItemManager::OnUpdate,0x41f4a0,function
th06::ItemManager::RemoveAllItems,0x420130,function
th06::ItemManager::OnDraw,0x420190,function
WinMain,0x420330,function
th06::GameWindow::Render,0x4206e0,function
th06::GameWindow::Present,0x420b50,function
th06::GameWindow::InitD3dInterface,0x420bd0,function
th06::GameWindow::CreateGameWindow,0x420c10,function
th06::GameWindow::WindowProc,0x420d40,function
th06::GameWindow::InitD3dRendering,0x420e60,function
th06::GameWindow::InitD3dDevice,0x421420,function
th06::utils::CheckForRunningGameInstance,0x421900,function
th06::GameErrorContext::Flush,0x421950,function
th06::AnmManager::ReleaseSurfaces,0x4219d0,function
th06::AnmManager::TakeScreenshotIfRequested,0x421a40,function
th06::MidiDevice::MidiDevice,0x421aa0,function
th06::MidiDevice::~MidiDevice,0x421ad0,function
th06::MidiDevice::OpenDevice,0x421af0,function
th06::MidiDevice::Close,0x421b50,function
th06::MidiDevice::SendLongMsg,0x421b90,function
th06::MidiDevice::SendShortMsg,0x421be0,function
th06::MidiTimer::MidiTimer,0x421c30,function
th06::MidiTimer::~MidiTimer,0x421c60,function
th06::MidiTimer::StartTimer,0x421c90,function
th06::MidiTimer::StopTimer,0x421d10,function
th06::MidiTimer::DefaultTimerCallback,0x421d50,function
th06::MidiOutput::Ntohs,0x421d70,function
th06::MidiOutput::SkipVariableLength,0x421d90,function
th06::MidiOutput::MidiOutput,0x421df0,function
th06::MidiOutput::~MidiOutput,0x421f50,function
th06::MidiOutput::ReadFileData,0x421ff0,function
th06::MidiOutput::ReleaseFileData,0x422070,function
th06::MidiOutput::ClearTracks,0x4220b0,function
th06::MidiOutput::ParseFile,0x422140,function
th06::MidiOutput::LoadFile,0x422380,function
th06::MidiOutput::LoadTracks,0x4223c0,function
th06::MidiOutput::Play,0x422490,function
th06::MidiOutput::StopPlayback,0x4224e0,function
th06::MidiOutput::UnprepareHeader,0x422560,function
th06::MidiOutput::SetFadeOut,0x422630,function
th06::MidiOutput::OnTimerElapsed,0x422680,function
th06::MidiOutput::ProcessMsg,0x422900,function
th06::MidiOutput::FadeOutSetVolume,0x423260,function
th06::AnmManager::~AnmManager,0x423330,function
th06::Supervisor::OnUpdate,0x42333b,function
th06::Supervisor::OnDraw,0x423785,function
th06::Supervisor::ControllerCallback,0x423801,function
th06::Supervisor::RegisterChain,0x42386b,function
th06::Supervisor::AddedCallback,0x42390a,function
th06::Supervisor::SetupDInput,0x423b14,function
th06::Supervisor::EnumGameControllersCb,0x423da0,function
th06::Supervisor::DeletedCallback,0x423ddf,function
th06::Supervisor::DrawFpsCounter,0x423f3f,function
th06::AnmManager::ReleaseVertexBuffer,0x4240f0,function
th06::ZunTimer::Initialize,0x424127,function
th06::ZunTimer::Increment,0x424145,function
th06::ZunTimer::Decrement,0x4241e5,function
th06::Supervisor::TickTimer,0x424285,function
th06::Supervisor::ReleasePbg3,0x4242f3,function
th06::Supervisor::LoadPbg3,0x424375,function
th06::Supervisor::LoadConfig,0x42464d,function
th06::Supervisor::ReadMidiFile,0x424aac,function
th06::Supervisor::PlayMidiFile,0x424ae4,function
th06::Supervisor::SetupMidiPlayback,0x424b2f,function
th06::Supervisor::PlayAudio,0x424b5d,function
th06::Supervisor::StopAudio,0x424d38,function
th06::Supervisor::FadeOutMusic,0x424d82,function
th06::SoundPlayer::FadeOut,0x424e41,function
th06::MusicRoom::CheckInputEnable,0x424e8f,function
th06::MusicRoom::ProcessInput,0x424ead,function
th06::MusicRoom::RegisterChain,0x42523a,function
th06::MusicRoom::MusicRoom,0x425318,function
th06::MusicRoom::OnUpdate,0x4253dd,function
th06::MusicRoom::OnDraw,0x42545a,function
th06::MusicRoom::AddedCallback,0x42564c,function
th06::MusicRoom::DeletedCallback,0x425d97,function
th06::Player::Player,0x425e10,function
th06::PlayerBombInfo::PlayerBombInfo,0x426000,function
th06::Player::FireBulletReimuA,0x4260d0,function
th06::Player::FireSingleBullet,0x426100,function
th06::Player::FireBulletReimuB,0x426420,function
th06::Player::FireBulletMarisaA,0x426450,function
th06::Player::FireBulletMarisaB,0x426480,function
th06::Player::CalcDamageToEnemy,0x4264b0,function
th06::Player::CalcKillBoxCollision,0x426c40,function
th06::Player::CheckGraze,0x426df0,function
th06::Player::CalcItemBoxCollision,0x426fd0,function
th06::Player::CalcLaserHitbox,0x427190,function
th06::Player::ScoreGraze,0x427630,function
th06::Player::Die,0x427770,function
th06::Player::HandlePlayerInputs,0x427860,function
th06::Player::StartFireBulletTimer,0x428630,function
th06::Player::AngleFromPlayer,0x428680,function
th06::Player::AngleToPlayer,0x428700,function
th06::Player::RegisterChain,0x428780,function
th06::Player::OnUpdate,0x4288c0,function
th06::Player::UpdatePlayerBullets,0x4291b0,function
th06::Player::UpdateFireBulletsTimer,0x429710,function
th06::Player::SpawnBullets,0x429820,function
th06::Player::OnDrawHighPrio,0x429930,function
th06::Player::DrawBullets,0x429b00,function
th06::Player::OnDrawLowPrio,0x429b90,function
th06::Player::DrawBulletExplosions,0x429bb0,function
th06::Player::AddedCallback,0x429c50,function
th06::Player::DeletedCallback,0x42a0b0,function
th06::Player::CutChain,0x42a0e0,function
th06::ReplayManager::ValidateReplayData,0x42a140,function
th06::ReplayManager::RegisterChain,0x42a240,function
th06::ReplayManager::OnUpdate,0x42a470,function
th06::ReplayManager::OnUpdateDemoLowPrio,0x42a510,function
th06::ReplayManager::OnUpdateDemoHighPrio,0x42a570,function
th06::ReplayManager::OnDraw,0x42a670,function
th06::ReplayManager::AddedCallback,0x42a680,function
th06::ReplayManager::AddedCallbackDemo,0x42a840,function
th06::ReplayManager::DeletedCallback,0x42aa20,function
th06::ReplayManager::StopRecording,0x42aab0,function
th06::ReplayManager::SaveReplay,0x42ab30,function
th06::ResultScreen::OpenScore,0x42b0d9,function
th06::ResultScreen::GetHighScore,0x42b280,function
th06::ResultScreen::LinkScore,0x42b3a6,function
th06::ResultScreen::FreeAllScores,0x42b437,function
th06::ResultScreen::ParseCatk,0x42b466,function
th06::ResultScreen::ParseClrd,0x42b502,function
th06::ResultScreen::ParsePscr,0x42b65e,function
th06::ResultScreen::ReleaseScoreDat,0x42b7dc,function
th06::ResultScreen::WriteScore,0x42b809,function
th06::ResultScreen::LinkScoreEx,0x42bc2d,function
th06::ResultScreen::FreeScore,0x42bc5b,function
th06::ResultScreen::HandleResultKeyboard,0x42bc85,function
th06::ResultScreen::HandleReplaySaveKeyboard,0x42c2d4,function
th06::ResultScreen::MoveCursor,0x42d0a4,function
th06::ResultScreen::MoveCursorHorizontally,0x42d18f,function
th06::ResultScreen::CheckConfirmButton,0x42d292,function
th06::ResultScreen::DrawFinalStats,0x42d35a,function
th06::ResultScreen::RegisterChain,0x42d773,function
th06::ResultScreen::ResultScreen,0x42d8a1,function
th06::ResultScreen::OnUpdate,0x42d98e,function
th06::ResultScreen::OnDraw,0x42e446,function
th06::ResultScreen::AddedCallback,0x42f060,function
th06::ResultScreen::DeletedCallback,0x42f5bc,function
th06::utils::DebugPrint,0x42f6c4,function
th06::ScreenEffect::Clear,0x42f6d0,function
th06::ScreenEffect::SetViewport,0x42f790,function
th06::ScreenEffect::CalcFadeIn,0x42f800,function
th06::ScreenEffect::DrawSquare,0x42f8b0,function
th06::ScreenEffect::CalcFadeOut,0x42fc80,function
th06::ScreenEffect::RegisterChain,0x42fd30,function
th06::ScreenEffect::DrawFadeIn,0x42fee0,function
th06::ScreenEffect::DrawFadeOut,0x42ff70,function
th06::ScreenEffect::ShakeScreen,0x42ffc0,function
th06::ScreenEffect::AddedCallback,0x4301f0,function
th06::ScreenEffect::DeletedCallback,0x430220,function
th06::SoundPlayer::InitializeDSound,0x430270,function
th06::SoundPlayer::Release,0x430510,function
th06::SoundPlayer::LoadSound,0x4306e0,function
th06::SoundPlayer::GetWavFormatData,0x4309f0,function
th06::SoundPlayer::LoadWav,0x430a50,function
th06::SoundPlayer::LoadPos,0x430e10,function
th06::SoundPlayer::PlayBGM,0x430ec0,function
th06::SoundPlayer::StopBGM,0x430f80,function
th06::SoundPlayer::InitSoundBuffers,0x431080,function
th06::SoundPlayer::PlaySoundByIdx,0x4311e0,function
th06::SoundPlayer::PlaySounds,0x431270,function
th06::SoundPlayer::BackgroundMusicPlayerThread,0x431370,function
th06::SoundPlayer::SoundPlayer,0x431420,function
th06::AnmManager::AnmManager,0x431470,function
th06::AnmManager::SetupVertexBuffer,0x431660,function
th06::AnmManager::LoadTexture,0x431920,function
th06::AnmManager::LoadTextureAlphaChannel,0x431a10,function
th06::AnmManager::CreateEmptyTexture,0x431d70,function
th06::AnmManager::LoadAnm,0x431dc0,function
th06::AnmManager::ReleaseAnm,0x432030,function
th06::AnmManager::ReleaseTexture,0x4321e0,function
th06::AnmManager::LoadSprite,0x432260,function
th06::AnmManager::SetActiveSprite,0x4323a0,function
th06::AnmManager::SetAndExecuteScript,0x432430,function
th06::AnmManager::SetRenderStateForVm,0x4324d0,function
th06::AnmManager::DrawInner,0x432730,function
th06::AnmManager::DrawNoRotation,0x432ad0,function
th06::AnmManager::TranslateRotation,0x432c80,function
th06::AnmManager::Draw,0x432cc0,function
th06::AnmManager::DrawFacingCamera,0x432fa0,function
th06::AnmManager::Draw3,0x433150,function
th06::AnmManager::Draw2,0x433590,function
th06::AnmManager::ExecuteScript,0x433960,function
th06::AnmManager::DrawTextToSprite,0x434af0,function
th06::AnmManager::DrawVmTextFmt,0x434b60,function
th06::AnmManager::DrawStringFormat,0x434c40,function
th06::AnmManager::DrawStringFormat2,0x434e20,function
th06::AnmManager::LoadSurface,0x435010,function
th06::AnmManager::ReleaseSurface,0x435270,function
th06::AnmManager::CopySurfaceToBackBuffer,0x435300,function
th06::AnmManager::DrawEndingRect,0x4354c0,function
th06::AnmManager::TakeScreenshot,0x435670,function
th06::MainMenu::MainMenu,0x43575d,function
th06::MainMenu::OnUpdate,0x43579f,function
th06::MainMenu::MoveCursor,0x43753c,function
th06::MainMenu::SwapMapping,0x437672,function
th06::MainMenu::DrawMenuItem,0x4377a3,function
th06::MainMenu::BeginStartup,0x4378a2,function
th06::MainMenu::WeirdSecondInputCheck,0x4379e4,function
th06::MainMenu::DrawStartMenu,0x437b41,function
th06::MainMenu::ReplayHandling,0x4381ec,function
th06::MainMenu::DrawReplayMenu,0x438bc1,function
th06::MainMenu::ColorMenuItem,0x438ef8,function
th06::MainMenu::OnUpdateOptionsMenu,0x439137,function
th06::MainMenu::ChoosePracticeLevel,0x439965,function
th06::MainMenu::OnDraw,0x439ad6,function
th06::MainMenu::LoadTitleAnm,0x439da0,function
th06::MainMenu::LoadDiffCharSelect,0x439f88,function
th06::MainMenu::LoadReplayMenu,0x43a1ec,function
th06::MainMenu::RegisterChain,0x43a338,function
th06::MainMenu::AddedCallback,0x43a464,function
th06::MainMenu::DeletedCallback,0x43a659,function
th06::MainMenu::ReleaseTitleAnm,0x43a70a,function
th06::GameManager::HasReachedMaxClears,0x43a736,function
th06::CSoundManager::CSoundManager,0x43a7b0,function
th06::CSoundManager::~CSoundManager,0x43a7d0,function
th06::CSoundManager::Initialize,0x43a800,function
th06::CSoundManager::SetPrimaryBufferFormat,0x43a890,function
th06::CSoundManager::CreateStreaming,0x43a9c0,function
th06::CSound::CSound,0x43ac90,function
th06::CSound::`scalar deleting destructor',0x43ad70,function
th06::CSound::~CSound,0x43ada0,function
th06::CSound::FillBufferWithSound,0x43aea0,function
th06::CSound::RestoreBuffer,0x43b090,function
th06::CSound::GetFreeBuffer,0x43b140,function
th06::CSound::GetBuffer,0x43b200,function
th06::CSound::Play,0x43b240,function
th06::CSound::Stop,0x43b300,function
th06::CSound::Reset,0x43b3b0,function
th06::CStreamingSound::CStreamingSound,0x43b420,function
th06::CStreamingSound::`scalar deleting destructor',0x43b480,function
th06::CStreamingSound::~CStreamingSound,0x43b4b0,function
th06::CStreamingSound::UpdateFadeOut,0x43b4d0,function
th06::CStreamingSound::HandleWaveStreamNotification,0x43b560,function
th06::CStreamingSound::Reset,0x43b8e0,function
th06::CWaveFile::CWaveFile,0x43b9b0,function
th06::CWaveFile::~CWaveFile,0x43ba10,function
th06::CWaveFile::Open,0x43ba60,function
th06::CWaveFile::ReadMMIO,0x43bc00,function
th06::CWaveFile::GetSize,0x43be50,function
th06::CWaveFile::ResetFile,0x43be70,function
th06::CWaveFile::Read,0x43c080,function
th06::CWaveFile::Close,0x43c2c0,function
th06::IPbg3Parser::Reset,0x43c2f0,function
th06::IPbg3Parser::ReadVarInt,0x43c310,function
th06::IPbg3Parser::ReadMagic,0x43c380,function
th06::IPbg3Parser::ReadString,0x43c3c0,function
th06::IPbg3Parser::~IPbg3Parser,0x43c410,function
th06::IPbg3Parser::`scalar deleting destructor',0x43c420,function
th06::Pbg3Parser::Pbg3Parser,0x43c440,function
th06::Pbg3Parser::OpenArchive,0x43c4a0,function
th06::Pbg3Parser::Close,0x43c4f0,function
th06::Pbg3Parser::ReadBit,0x43c510,function
th06::Pbg3Parser::ReadInt,0x43c570,function
th06::Pbg3Parser::ReadByteAssumeAligned,0x43c5f0,function
th06::Pbg3Parser::SeekToOffset,0x43c610,function
th06::Pbg3Parser::SeekToNextByte,0x43c650,function
th06::Pbg3Parser::ReadByteAlignedData,0x43c680,function
th06::Pbg3Parser::GetLastWriteTime,0x43c6b0,function
th06::Pbg3Parser::ReadByte,0x43c6d0,function
th06::Pbg3Parser::~Pbg3Parser,0x43c6e0,function
th06::Pbg3Parser::`scalar deleting destructor',0x43c750,function
th06::Pbg3Archive::Pbg3Archive,0x43c770,function
th06::Pbg3Archive::ParseHeader,0x43c790,function
th06::Pbg3Archive::Release,0x43c8d0,function
th06::Pbg3Archive::FindEntry,0x43c920,function
th06::Pbg3Archive::GetEntrySize,0x43c990,function
th06::Pbg3Archive::ReadEntryRaw,0x43c9c0,function
th06::Pbg3Archive::~Pbg3Archive,0x43ca80,function
th06::Pbg3Archive::Load,0x43ca90,function
th06::Pbg3Archive::ReadDecompressEntry,0x43cb40,function
th06::FileAbstraction::FileAbstraction,0x43ce40,function
th06::FileAbstraction::Open,0x43ce60,function
th06::FileAbstraction::Close,0x43cf20,function
th06::FileAbstraction::Read,0x43cf50,function
th06::FileAbstraction::Write,0x43cf80,function
th06::FileAbstraction::ReadByte,0x43cfb0,function
th06::FileAbstraction::WriteByte,0x43cff0,function
th06::FileAbstraction::Seek,0x43d030,function
th06::FileAbstraction::Tell,0x43d060,function
th06::FileAbstraction::GetSize,0x43d080,function
th06::FileAbstraction::ReadWholeFile,0x43d0a0,function
th06::FileAbstraction::~FileAbstraction,0x43d130,function
DINPUT8.DLL::DirectInput8Create,0x43eba0,library
DSOUND.DLL::DirectSoundCreate8,0x43eba6,library
D3D8.DLL::Direct3DCreate8,0x43ebac,library
D3DXVec4Transform,0x43ebb2,library
D3DXMatrixMultiply,0x43ec4b,library
D3DXMatrixTranspose,0x43ed2e,library
D3DXMatrixRotationX,0x43ed9b,library
D3DXMatrixRotationY,0x43ee15,library
D3DXMatrixRotationZ,0x43ee90,library
D3DXMatrixRotationQuaternion,0x43ef0c,library
D3DXMatrixPerspectiveFovLH,0x43efee,library
D3DXVec3Cross,0x43f082,library
D3DXVec3Normalize,0x43f0ce,library
D3DXVec3TransformCoord,0x43f175,library
D3DXVec3Project,0x43f245,library
D3DXMatrixTransformation,0x43f362,library
D3DXMatrixLookAtLH,0x43f561,library
D3DXCreateFontIndirect,0x43f667,library
D3DXCreateSprite,0x43f6db,library
D3DXCreateFont,0x43f745,library
FI_Find,0x43f778,library
FI_Score,0x43f79c,library
CheckTextureRequirements,0x43f81c,library
D3DXLoadSurfaceFromMemory,0x43fbfe,library
D3DXCheckTextureRequirements,0x43fe34,library
D3DXCreateTexture,0x43fe5c,library
D3DXLoadSurfaceFromFileInMemory,0x43fec2,library
D3DXLoadSurfaceFromSurface,0x43ff78,library
D3DXFilterTexture,0x440095,library
D3DXCreateTextureFromFileInMemoryEx,0x4401c6,library
CD3DXFont::~CD3DXFont,0x4405d7,library
CD3DXFont::AddRef,0x440609,library
CD3DXFont::Initialize,0x440616,library
CD3DXFont::GetDevice,0x440668,library
CD3DXFont::GetLogFont,0x44068e,library
CD3DXFont::Begin,0x4406b2,library
CD3DXFont::End,0x4406c1,library
CD3DXFont::DrawTextA,0x4406d0,library
CD3DXFont::DrawTextW,0x4406f6,library
CD3DXFont::QueryInterface,0x44071c,library
CD3DXFont::Release,0x440760,library
CD3DXFont::CD3DXFont,0x440781,library
CD3DXSprite::~CD3DXSprite,0x44079c,library
CD3DXSprite::Initialize,0x4407dc,library
CD3DXSprite::AddRef,0x440a63,library
CD3DXSprite::Begin,0x440a89,library
CD3DXSprite::End,0x440ac6,library
CD3DXSprite::QueryInterface,0x440af1,library
CD3DXSprite::Release,0x440b35,library
CD3DXSprite::Draw,0x440b56,library
CD3DXSprite::DrawTransform,0x440c2d,library
CD3DXSprite::CD3DXSprite,0x440eec,library
CD3DXBlt::CD3DXBlt,0x440f0a,library
CD3DXBlt::~CD3DXBlt,0x440f14,library
TF_Row::~TF_Row,0x440f32,library
TF_SetupTriangle,0x440f54,library
CD3DXBlt::BltTriangle2D,0x4411f5,library
CD3DXBlt::BltTriangle3D,0x4415ab,library
CD3DXBlt::BltSame_DXTn,0x441a82,library
CD3DXBlt::BltBox2D_R8G8B8,0x441c03,library
CD3DXBlt::BltBox2D_A8R8G8B8,0x441c09,library
CD3DXBlt::BltBox2D_X8R8G8B8,0x441d67,library
CD3DXBlt::BltBox2D_R5G6B5,0x441e83,library
CD3DXBlt::BltBox2D_X1R5G5B5,0x441fd3,library
CD3DXBlt::BltBox2D_A1R5G5B5,0x4420f7,library
CD3DXBlt::BltBox2D_A4R4G4B4,0x442246,library
CD3DXBlt::BltBox2D_R3G3B2,0x442399,library
CD3DXBlt::BltBox2D_A8,0x4424d8,library
CD3DXBlt::BltBox2D_A8R3G3B2,0x442573,library
CD3DXBlt::BltBox2D_X4R4G4B4,0x4426bf,library
CD3DXBlt::BltBox2D_A8L8,0x4427e0,library
CD3DXBlt::BltBox2D_A4L4,0x44292c,library
F2IBegin,0x442a6b,library
F2IEnd,0x442a8e,library
CD3DXBlt::BltSame,0x442a9e,library
CD3DXBlt::BltCopy,0x442bd0,library
CD3DXBlt::BltNone,0x442c72,library
CD3DXBlt::BltPoint,0x442de7,library
CD3DXBlt::BltBox2D,0x442f7d,library
CD3DXBlt::BltBox3D,0x443312,library
LF_SetupLinear,0x4436bb,library
CD3DXBlt::BltLinear2D,0x44378c,library
CD3DXBlt::BltLinear3D,0x443acd,library
CD3DXBlt::Blt,0x44411a,library
CD3DXImage::CD3DXImage,0x44422c,library
CD3DXImage::~CD3DXImage,0x444245,library
CD3DXImage::LoadDIB,0x44429e,library
d3dx_jpeg_error_exit,0x4448d9,library
d3dx_jpeg_output_message,0x4448f5,library
d3dx_jpeg_fill_input_buffer,0x444912,library
d3dx_jpeg_skip_input_data,0x444927,library
d3dx_jpeg_term_source,0x444938,library
CD3DXImage::LoadJPG,0x444939,library
CD3DXImage::LoadTGA,0x444b8e,library
CD3DXImage::LoadPPM,0x445006,library
d3dx_png_read_fn,0x445288,library
CD3DXImage::LoadPNG,0x4452cb,library
CD3DXImage::LoadDDS,0x4457e1,library
CD3DXImage::LoadBMP,0x445af4,library
CD3DXImage::Load,0x445b24,library
CD3DXText::CD3DXText,0x445c7e,library
CD3DXText::~CD3DXText,0x445cbd,library
CD3DXText::AddRef,0x445d88,library
CD3DXText::Initialize,0x445d8b,library
CD3DXText::Begin,0x445f45,library
CD3DXText::End,0x445f87,library
CD3DXText::Release,0x445fb7,library
CD3DXText::Create,0x445fcc,library
CD3DXText::DrawTextAW,0x446048,library
CD3DXCodec::~CD3DXCodec,0x4465e2,library
FUN_004465e9,0x4465e9,library
D3DXCOLOR::D3DXCOLOR,0x4465ec,library
CD3DXCodec_V8U8::Decode,0x446642,library
CD3DXCodec_L6V5U5::Decode,0x4466ab,library
CD3DXCodec_X8L8V8U8::Decode,0x446741,library
CD3DXCodec_Q8W8V8U8::Decode,0x4467b9,library
CD3DXCodec_V16U16::Decode,0x446837,library
CD3DXCodec_W11V11U10::Decode,0x4468a1,library
D3DXCOLOR::operator-,0x446940,library
F2IBegin,0x44696c,library
F2IEnd,0x44698f,library
CD3DXCodec::CD3DXCodec,0x44699f,library
CD3DXCodec::`vector deleting destructor',0x446b88,library
CD3DXCodec::ColorKey,0x446ba4,library
CD3DXCodec_R8G8B8::Encode,0x446c14,library
CD3DXCodec_A8R8G8B8::Encode,0x446cd5,library
CD3DXCodec_X8R8G8B8::Encode,0x446dce,library
CD3DXCodec_R5G6B5::Encode,0x446ea5,library
CD3DXCodec_X1R5G5B5::Encode,0x446f7c,library
CD3DXCodec_A1R5G5B5::Encode,0x447053,library
CD3DXCodec_A4R4G4B4::Encode,0x447146,library
CD3DXCodec_R3G3B2::Encode,0x44723f,library
CD3DXCodec_A8::Encode,0x447310,library
CD3DXCodec_A8R3G3B2::Encode,0x447392,library
CD3DXCodec_X4R4G4B4::Encode,0x44748b,library
CD3DXCodec_A8P8::Encode,0x447562,library
CD3DXCodec_P8::Encode,0x44765f,library
CD3DXCodec_L8::Encode,0x447719,library
CD3DXCodec_A8L8::Encode,0x4477b7,library
CD3DXCodec_A4L4::Encode,0x447887,library
CD3DXCodec_V8U8::Encode,0x44794f,library
CD3DXCodec_L6V5U5::Encode,0x4479ff,library
CD3DXCodec_X8L8V8U8::Encode,0x447ade,library
CD3DXCodec_Q8W8V8U8::Encode,0x447bc5,library
CD3DXCodec_V16U16::Encode,0x447cd6,library
CD3DXCodec_W11V11U10::Encode,0x447d87,library
CD3DXCodec_R8G8B8::Decode,0x447e73,library
CD3DXCodec_A8R8G8B8::Decode,0x447eff,library
CD3DXCodec_X8R8G8B8::Decode,0x447fa1,library
CD3DXCodec_R5G6B5::Decode,0x448039,library
CD3DXCodec_X1R5G5B5::Decode,0x4480de,library
CD3DXCodec_A1R5G5B5::Decode,0x448180,library
CD3DXCodec_A4R4G4B4::Decode,0x448230,library
CD3DXCodec_R3G3B2::Decode,0x4482df,library
CD3DXCodec_A8::Decode,0x448381,library
CD3DXCodec_A8R3G3B2::Decode,0x4483f3,library
CD3DXCodec_X4R4G4B4::Decode,0x4484a5,library
CD3DXCodec_A8P8::Decode,0x448544,library
CD3DXCodec_P8::Decode,0x4485cb,library
CD3DXCodec_L8::Decode,0x44862f,library
CD3DXCodec_A8L8::Decode,0x44869d,library
CD3DXCodec_A4L4::Decode,0x448726,library
CD3DXCodecYUV::CD3DXCodecYUV,0x4487af,library
CD3DXCodecYUV::Commit,0x448880,library
CD3DXCodecYUV::Fetch,0x448a73,library
CD3DXCodecYUV::Encode,0x448d44,library
CD3DXCodecYUV::Decode,0x448dbc,library
CD3DXCodecDXT::CD3DXCodecDXT,0x448e2b,library
CD3DXCodecDXT::Commit,0x448f42,library
CD3DXCodecDXT::Fetch,0x44926f,library
CD3DXCodecDXT::Encode,0x449516,library
CD3DXCodecDXT::Decode,0x44959c,library
FUN_00449610,0x449610,library
CD3DXCodec::~CD3DXCodec,0x44962c,library
CD3DXCodecYUV::~CD3DXCodecYUV,0x449631,library
CD3DXCodecDXT::~CD3DXCodecDXT,0x449676,library
Create,0x4496ca,library
CD3DXCodec::Create,0x449cda,library
CD3DXCodecYUV::`scalar deleting destructor',0x449cf6,library
CD3DXCodecDXT::`scalar deleting destructor',0x449d12,library
CD3DXCodecYUV::~CD3DXCodecYUV,0x449d2e,library
CD3DXCodecDXT::`scalar deleting destructor',0x449d33,library
CD3DXCodecDXT::~CD3DXCodecDXT,0x449d4f,library
D3DX::jpeg_CreateDecompress,0x449d54,library
D3DX::jpeg_destroy,0x449e14,library
D3DX::default_decompress_parms,0x449e19,library
D3DX::jpeg_consume_input,0x449f98,library
D3DX::jpeg_finish_decompress,0x44a032,library
D3DX::jpeg_read_header,0x44a0d3,library
D3DX::output_pass_setup,0x44a136,library
D3DX::jpeg_read_scanlines,0x44a1da,library
D3DX::jpeg_start_decompress,0x44a25e,library
D3DX::get_soi,0x44a31f,library
D3DX::get_sof,0x44a3ad,library
D3DX::get_sos,0x44a6a8,library
D3DX::get_app0,0x44a991,library
D3DX::get_app14,0x44abcd,library
D3DX::get_dac,0x44ad47,library
D3DX::get_dht,0x44ae9e,library
D3DX::get_dqt,0x44b132,library
D3DX::get_dri,0x44b37c,library
D3DX::skip_variable,0x44b45b,library
D3DX::next_marker,0x44b4f7,library
D3DX::first_marker,0x44b5ce,library
D3DX::read_markers,0x44b666,library
D3DX::read_restart_marker,0x44b85a,library
D3DX::jpeg_resync_to_restart,0x44b8d8,library
D3DX::reset_marker_reader,0x44b9c7,library
D3DX::jinit_marker_reader,0x44b9f1,library
D3DX::error_exit,0x44ba6e,library
D3DX::emit_message,0x44ba89,library
D3DX::format_message,0x44baba,library
D3DX::reset_error_mgr,0x44bb51,library
D3DX::jpeg_std_error,0x44bb62,library
D3DX::png_format_buffer,0x44bbae,library
D3DX::png_default_error,0x44bc35,library
D3DX::png_set_error_fn,0x44bc40,library
D3DX::png_error,0x44bc5a,library
D3DX::png_warning,0x44bc7d,library
D3DX::png_chunk_error,0x44bc92,library
D3DX::png_chunk_warning,0x44bcb7,library
D3DX::png_create_read_struct,0x44bcdc,library
D3DX::png_read_info,0x44bddf,library
D3DX::png_read_update_info,0x44bf53,library
D3DX::png_read_row,0x44bf73,library
D3DX::png_read_image,0x44c31b,library
D3DX::png_read_destroy,0x44c368,library
D3DX::png_destroy_read_struct,0x44c48b,library
D3DX::png_get_valid,0x44c50c,library
D3DX::png_get_rowbytes,0x44c526,library
D3DX::png_get_channels,0x44c53c,library
D3DX::png_get_gAMA,0x44c552,library
D3DX::png_get_sRGB,0x44c57b,library
D3DX::png_get_IHDR,0x44c5a6,library
D3DX::png_get_PLTE,0x44c677,library
D3DX::_png_get_tRNS,0x44c6aa,library
D3DX::png_set_bgr,0x44c711,library
D3DX::png_set_packing,0x44c71a,library
D3DX::png_set_interlace_handling,0x44c733,library
D3DX::png_set_filler,0x44c74c,library
D3DX::png_do_bgr,0x44c799,library
D3DX::png_set_strip_16,0x44c858,library
D3DX::png_set_gamma,0x44c861,library
D3DX::png_set_expand,0x44c897,library
D3DX::png_read_transform_info,0x44c8a0,library
D3DX::png_do_unpack,0x44c98b,library
D3DX::png_do_unshift,0x44ca9a,library
D3DX::png_do_chop,0x44cc15,library
D3DX::png_do_read_filler,0x44cc59,library
D3DX::png_do_gamma,0x44ce90,library
D3DX::png_do_expand_palette,0x44d202,library
D3DX::png_do_expand,0x44d409,library
D3DX::png_do_dither,0x44d75c,library
D3DX::png_build_gamma_table,0x44d869,library
D3DX::png_init_read_transformations,0x44db68,library
png_do_read_transformations,0x44dc7d,library
D3DX::png_set_gAMA,0x44de19,library
png_set_IHDR,0x44de34,library
D3DX::png_set_PLTE,0x44ded6,library
D3DX::png_set_sRGB,0x44defa,library
D3DX::png_set_sRGB_gAMA_and_cHRM,0x44df15,library
D3DX::png_set_tRNS,0x44df4e,library
D3DX::png_read_data,0x44df95,library
D3DX::png_set_read_fn,0x44dfbd,library
D3DX::png_sig_cmp,0x44dffc,library
D3DX::png_zalloc,0x44e044,library
D3DX::png_free,0x44e097,library
D3DX::png_reset_crc,0x44e09c,library
D3DX::png_calculate_crc,0x44e0b4,library
D3DX::png_info_init,0x44e0f3,library
D3DX::png_info_destroy,0x44e101,library
D3DX::png_create_info_struct,0x44e10c,library
XXEncodeBlockRGB,0x44e12e,library
XXDecodeBlockRGB,0x44e197,library
ColorToFcolor,0x44e1bd,library
FcolorToColor,0x44e1ef,library
ColorToRGB,0x44e224,library
RGBToColor,0x44e254,library
Square3x3,0x44e2a1,library
Quantize,0x44e340,library
ClipExtrema,0x44e3cb,library
AllSame,0x44e4fd,library
EncodeBlockRGBColorKey,0x44e55e,library
DecodeBlockRGB,0x44e9f5,library
DecodeBlockAlpha4,0x44eade,library
DecodeBlockAlpha3,0x44eb2c,library
EncodeBlockRGB,0x44ec2c,library
EncodeBlockAlpha4,0x44ec5e,library
EncodeBlockAlpha3,0x44ecb7,library
D3DX::jdiv_round_up,0x44ee0d,library
D3DX::jround_up,0x44ee1d,library
D3DX::jcopy_sample_rows,0x44ee35,library
D3DX::jcopy_block_row,0x44ee7c,library
D3DX::jzero_far,0x44ee9e,library
D3DX::IsMMX,0x44eeb9,library
D3DX::initial_setup,0x44eeea,library
D3DX::per_scan_setup,0x44f0a5,library
D3DX::latch_quant_tables,0x44f21b,library
D3DX::start_input_pass,0x44f2ad,library
D3DX::consume_markers,0x44f2e7,library
D3DX::reset_input_controller,0x44f37a,library
D3DX::finish_input_pass,0x44f3b1,library
D3DX::jinit_input_controller,0x44f3c2,library
D3DX::out_of_memory,0x44f403,library
D3DX::alloc_small,0x44f418,library
D3DX::alloc_large,0x44f514,library
D3DX::alloc_sarray,0x44f5a2,library
D3DX::alloc_barray,0x44f634,library
D3DX::request_virt_sarray,0x44f6d2,library
D3DX::request_virt_barray,0x44f733,library
D3DX::realize_virt_arrays,0x44f794,library
D3DX::do_sarray_io,0x44f913,library
D3DX::do_barray_io,0x44f99b,library
D3DX::access_virt_sarray,0x44fa26,library
D3DX::access_virt_barray,0x44fb44,library
D3DX::free_pool,0x44fc67,library
D3DX::self_destruct,0x44fd48,library
D3DX::jinit_memory_mgr,0x44fd78,library
D3DX::jpeg_abort,0x44fe2c,library
D3DX::jpeg_destroy,0x44fe4e,library
D3DX::jpeg_alloc_quant_table,0x44fe69,library
D3DX::jpeg_alloc_huff_table,0x44fe85,library
D3DX::use_merged_upsample,0x44fea1,library
D3DX::jpeg_calc_output_dimensions,0x44ff12,library
D3DX::prepare_range_limit_table,0x450101,library
D3DX::master_selection,0x450170,library
D3DX::prepare_for_output_pass,0x45031d,library
D3DX::finish_output_pass,0x45044a,library
D3DX::jinit_master_decompress,0x45046b,library
D3DX::inflateReset,0x45049b,library
D3DX::inflateEnd,0x4504da,library
D3DX::inflateInit2_,0x450518,library
D3DX::inflateInit_,0x4505fd,library
D3DX::inflate,0x450614,library
D3DX::png_create_struct,0x450975,library
D3DX::png_destroy_struct,0x4509b7,library
D3DX::png_malloc,0x4509c4,library
D3DX::png_free,0x4509fa,library
D3DX::png_memcpy_check,0x450a13,library
D3DX::png_memset_check,0x450a36,library
D3DX::png_get_uint_32,0x450a69,library
D3DX::png_get_uint_16,0x450a8c,library
D3DX::png_crc_read,0x450a9f,library
D3DX::png_crc_error,0x450ac3,library
D3DX::png_check_chunk_name,0x450b21,library
D3DX::png_combine_row,0x450b83,library
D3DX::png_do_read_interlace,0x450d97,library
D3DX::png_read_filter_row,0x451060,library
D3DX::png_read_start_row,0x4511d9,library
D3DX::png_crc_finish,0x451375,library
D3DX::png_handle_IHDR,0x451401,library
D3DX::png_handle_PLTE,0x4515f8,library
D3DX::png_handle_IEND,0x451721,library
D3DX::png_handle_gAMA,0x45176b,library
D3DX::png_handle_sRGB,0x45186b,library
D3DX::png_handle_tRNS,0x45195a,library
D3DX::png_handle_unknown,0x451af3,library
D3DX::png_read_finish_row,0x451b3d,library
D3DX::crc32,0x451d62,library
D3DX::jpeg_get_small,0x451e6b,library
D3DX::jpeg_free_small,0x451e76,library
D3DX::jpeg_mem_available,0x451e81,library
D3DX::jpeg_open_backing_store,0x451e86,library
D3DX::alloc_funny_pointers,0x451e9a,library
D3DX::make_funny_pointers,0x451f42,library
D3DX::set_wraparound_pointers,0x452073,library
D3DX::set_bottom_pointers,0x452147,library
D3DX::process_data_simple_main,0x4521dd,library
D3DX::process_data_context_main,0x452245,library
D3DX::process_data_crank_post,0x45234d,library
D3DX::start_pass_main,0x452370,library
D3DX::jinit_d_main_controller,0x4523d8,library
D3DX::start_iMCU_row,0x4524ab,library
D3DX::start_input_pass,0x4524ea,library
D3DX::decompress_onepass,0x4524fa,library
D3DX::consume_data,0x4526d4,library
D3DX::decompress_data,0x452873,library
D3DX::smoothing_ok,0x4529d9,library
D3DX::decompress_smooth_data,0x452abc,library
D3DX::start_output_pass,0x452fd4,library
D3DX::jinit_d_coef_controller,0x45300f,library
D3DX::jpeg_make_d_derived_tbl,0x453107,library
D3DX::jpeg_fill_bit_buffer,0x4532aa,library
D3DX::jpeg_huff_decode,0x453394,library
D3DX::process_restart,0x45347a,library
D3DX::decode_mcu,0x4534d8,library
D3DX::start_pass_huff_decoder,0x4538a5,library
D3DX::jinit_huff_decoder,0x4539d4,library
process_restart,0x453a0e,library
D3DX::decode_mcu_DC_first,0x453a69,library
D3DX::decode_mcu_AC_first,0x453c66,library
D3DX::decode_mcu_DC_refine,0x453e93,library
D3DX::decode_mcu_AC_refine,0x453f75,library
D3DX::start_pass_phuff_decoder,0x4542e3,library
D3DX::jinit_phuff_decoder,0x454586,library
D3DX::start_pass,0x4545e7,library
D3DX::jinit_inverse_dct,0x45479e,library
D3DX::post_process_1pass,0x454812,library
D3DX::post_process_prepass,0x454877,library
D3DX::post_process_2pass,0x454907,library
D3DX::start_pass_dpost,0x454993,library
D3DX::jinit_d_post_controller,0x454a39,library
D3DX::start_pass_upsample,0x454abc,library
D3DX::sep_upsample,0x454ad6,library
D3DX::fullsize_upsample,0x454b9c,library
D3DX::noop_upsample,0x454ba7,library
D3DX::int_upsample,0x454baf,library
D3DX::h2v1_upsample,0x454c8e,library
D3DX::h2v2_upsample,0x454ce5,library
D3DX::h2v1_fancy_upsample,0x454d4f,library
D3DX::h2v2_fancy_upsample,0x454df2,library
D3DX::jinit_upsampler,0x454ef9,library
D3DX::build_ycc_rgb_table,0x4550ba,library
D3DX::null_convert,0x45516a,library
D3DX::grayscale_convert,0x4551d4,library
D3DX::ycck_cmyk_convert,0x4551f7,library
D3DX::MYCbCr2RGB,0x455329,library
D3DX::ycc_rgb_convert,0x455466,library
D3DX::jinit_color_deconverter,0x455684,library
D3DX::build_ycc_rgb_table,0x4557a5,library
D3DX::start_pass_merged_upsample,0x455855,library
D3DX::merged_2v_upsample,0x45586a,library
D3DX::merged_1v_upsample,0x455910,library
D3DX::h2v1_merged_upsample,0x455941,library
D3DX::h2v2_merged_upsample,0x455a97,library
D3DX::jinit_merged_upsampler,0x455c7d,library
D3DX::prescan_quantize,0x455cf2,library
D3DX::find_biggest_color_pop,0x455d5e,library
D3DX::find_biggest_volume,0x455d87,library
D3DX::update_box,0x455daa,library
D3DX::median_cut,0x4560e2,library
D3DX::compute_color,0x4561fc,library
D3DX::select_colors,0x456334,library
D3DX::find_nearby_colors,0x4563c1,library
D3DX::find_best_colors,0x456541,library
D3DX::fill_inverse_cmap,0x45665b,library
D3DX::pass2_no_dither,0x45672b,library
D3DX::pass2_fs_dither,0x4567d4,library
D3DX::init_error_limit,0x456a42,library
FUN_00456ad2,0x456ad2,library
D3DX::start_pass_2_quant,0x456af4,library
D3DX::new_color_map_2_quant,0x456bf6,library
D3DX::jinit_2pass_quantizer,0x456c05,library
D3DX::select_ncolors,0x456d18,library
D3DX::output_value,0x456de3,library
D3DX::largest_input_value,0x456dfc,library
D3DX::create_colormap,0x456e0f,library
D3DX::create_colorindex,0x456f2c,library
D3DX::make_odither_array,0x45704d,library
D3DX::create_odither_tables,0x4570af,library
D3DX::color_quantize,0x457108,library
D3DX::color_quantize3,0x457190,library
D3DX::quantize_ord_dither,0x45721d,library
D3DX::quantize3_ord_dither,0x457308,library
D3DX::quantize_fs_dither,0x457407,library
D3DX::alloc_fs_workspace,0x45758b,library
D3DX::start_pass_1_quant,0x4575c1,library
D3DX::new_color_map_1_quant,0x457689,library
D3DX::jinit_1pass_quantizer,0x45769d,library
D3DX::inflate_blocks_reset,0x457726,library
D3DX::inflate_blocks_new,0x457791,library
D3DX::inflate_blocks,0x45781c,library
D3DX::inflate_blocks_free,0x458135,library
D3DX::adler32,0x458169,library
D3DX::zcalloc,0x458282,library
D3DX::jpeg_idct_4x4,0x458292,library
D3DX::jpeg_idct_2x2,0x4585a7,library
D3DX::jpeg_idct_1x1,0x458765,library
D3DX::jpeg_idct_islow,0x4587a2,library
D3DX::jpeg_idct_ifast,0x4587ee,library
D3DX::jpeg_idct_float,0x45883a,library
D3DX::inflate_codes_new,0x458c1b,library
D3DX::inflate_codes,0x458c4f,library
D3DX::inflate_codes_free,0x4591a5,library
D3DX::huft_build,0x4591b6,library
D3DX::inflate_trees_bits,0x45953b,library
D3DX::inflate_trees_dynamic,0x4595ba,library
D3DX::inflate_trees_fixed,0x4596bd,library
D3DX::inflate_flush,0x4596ec,library
D3DX::pidct8x8llm,0x459801,library
D3DX::midct8x8llm,0x459cee,library
D3DX::pidct8x8aan,0x45a479,library
D3DX::midct8x8aan,0x45a822,library
D3DX::inflate_fast,0x45b5f5,library
_onexit_lk,0x45b89f,library
FUN_0045b91f,0x45b91f,library
_onexit,0x45b947,library
FUN_0045b979,0x45b979,library
atexit,0x45b97f,library
FUN_0045b991,0x45b991,library
FUN_0045b9c9,0x45b9c9,library
vsprintf,0x45b9e0,library
report_failure,0x45ba37,library
__security_check_cookie,0x45ba68,library
_ftol2,0x45ba78,library
free,0x45baed,library
FUN_0045bb40,0x45bb40,library
_heap_alloc,0x45bb5e,library
FUN_0045bbd0,0x45bbd0,library
_nh_malloc,0x45bbd9,library
malloc,0x45bc05,library
FUN_0045bc20,0x45bc20,library
sqrt,0x45bc34,library
FUN_0045bc3d,0x45bc3d,library
FID_conflict:__CIsin_default,0x45bce0,library
sin,0x45bcf4,library
start,0x45bcfd,library
FID_conflict:__CIcos_default,0x45bd90,library
cos,0x45bda4,library
start,0x45bdad,library
atan2,0x45be40,library
FUN_0045be4a,0x45be4a,library
FUN_0045be60,0x45be60,library
FUN_0045be6a,0x45be6a,library
FUN_0045be74,0x45be74,library
atol,0x45be92,library
atol,0x45bf1a,library
operator delete,0x45bf1f,library
operator new,0x45bf24,library
JumpToContinuation,0x45bf32,library
FID_conflict:_CallMemberFunction1,0x45bf62,library
UnwindNestedFrames,0x45bf69,library
__CxxFrameHandler,0x45bfbb,library
FUN_0045bff1,0x45bff1,library
FUN_0045c015,0x45c015,library
GetRangeOfTrysToCheck,0x45c086,library
FUN_0045c100,0x45c100,library
FUN_0045c128,0x45c128,library
FindAndUnlinkFrame,0x45c149,library
FUN_0045c195,0x45c195,library
FUN_0045c1e6,0x45c1e6,library
_global_unwind2,0x45c298,library
FUN_0045c2b8,0x45c2b8,library
_local_unwind2,0x45c2da,library
_abnormal_termination,0x45c342,library
_NLG_Notify1,0x45c365,library
_NLG_Notify,0x45c36e,library
sprintf,0x45c386,library
__EH_prolog,0x45c3e0,library
fabs,0x45c3ff,library
FID_conflict:__CItan_default,0x45c4b0,library
tan,0x45c4c4,library
start,0x45c4cd,library
_fclose_lk,0x45c562,library
fclose,0x45c5ae,library
FUN_0045c5f7,0x45c5f7,library
_fread_lk,0x45c5ff,library
fread,0x45c6e8,library
FUN_0045c72a,0x45c72a,library
_ftell_lk,0x45c734,library
ftell,0x45c896,library
FUN_0045c8cd,0x45c8cd,library
_fseek_lk,0x45c8d7,library
fseek,0x45c966,library
FUN_0045c9a5,0x45c9a5,library
_fsopen,0x45c9af,library
FUN_0045ca01,0x45ca01,library
fopen,0x45ca0b,library
strrchr,0x45ca20,library
_fwrite_lk,0x45ca4d,library
fwrite,0x45cb54,library
FUN_0045cb96,0x45cb96,library
strlen,0x45cba0,library
memset,0x45cc30,library
memcpy,0x45cc90,library
memmove,0x45cfd0,library
fprintf,0x45d30d,library
FUN_0045d361,0x45d361,library
_aulldiv,0x45d370,library
_allmul,0x45d3e0,library
strdate,0x45d414,library
strcpy,0x45d490,library
strcat,0x45d4a0,library
mkdir,0x45d588,library
strncmp,0x45d5c0,library
chdir,0x45d5f9,library
rand,0x45d695,library
FUN_0045d6b7,0x45d6b7,library
_chkstk,0x45d6c0,library
_amsg_exit,0x45d6fd,library
fast_error_exit,0x45d722,library
entry,0x45d746,library
FID_conflict:__CIacos,0x45d920,library
acos,0x45d934,library
start,0x45d93d,library
FUN_0045d9eb,0x45d9eb,library
isdigit,0x45da85,library
isspace,0x45dabf,library
FUN_0045db00,0x45db00,library
_ftol,0x45dc24,library
longjmp,0x45dc4c,library
_setjmp3,0x45dcc8,library
FUN_0045dd50,0x45dd50,library
FUN_0045dd90,0x45dd90,library
FUN_0045dded,0x45dded,library
FUN_0045dfb2,0x45dfb2,library
__crtExitProcess,0x45dfda,library
FUN_0045e00a,0x45e00a,library
FUN_0045e013,0x45e013,library
FUN_0045e01c,0x45e01c,library
doexit,0x45e081,library
exit,0x45e154,library
_exit,0x45e165,library
cexit,0x45e176,library
FUN_0045e185,0x45e185,library
calloc,0x45e194,library
FUN_0045e23e,0x45e23e,library
realloc,0x45e24f,library
FUN_0045e3b7,0x45e3b7,library
_msize,0x45e3fc,library
FUN_0045e469,0x45e469,library
_SEH_prolog,0x45e474,library
_SEH_epilog,0x45e4af,library
_forcdecpt,0x45e4c0,library
FUN_0045e4fc,0x45e4fc,library
FUN_0045e547,0x45e547,library
_fassign,0x45e561,library
_shift,0x45e59f,library
_cftoe2,0x45e5bc,library
FUN_0045e66a,0x45e66a,library
FUN_0045e6de,0x45e6de,library
FUN_0045e77a,0x45e77a,library
FUN_0045e7e2,0x45e7e2,library
_cfltcvt,0x45e882,library
FUN_0045e8d3,0x45e8d3,library
_ms_p5_test_fdiv,0x45e8e5,library
_ms_p5_mp_test_fdiv,0x45e925,library
_flsbuf,0x45e94e,library
write_char,0x45ea67,library
write_multi_char,0x45ea9a,library
write_string,0x45eabe,library
output,0x45eaf5,library
_security_init_cookie,0x45f28a,library
_security_error_handler,0x45f2e0,library
__heap_select,0x45f42a,library
_heap_init,0x45f444,library
_mtinitlocks,0x45f495,library
_mtdeletelocks,0x45f4de,library
munlock,0x45f533,library
FUN_0045f548,0x45f548,library
_lock,0x45f5c7,library
__sbh_heap_init,0x45f5f8,library
__sbh_find_block,0x45f640,library
__sbh_free_block,0x45f66b,library
__sbh_alloc_new_region,0x45f983,library
__sbh_alloc_new_group,0x45fa3a,library
__sbh_resize_block,0x45fb40,library
__sbh_alloc_block,0x45fe1f,library
_callnewh,0x46011b,library
_trandisp1,0x460140,library
_trandisp2,0x4601a7,library
FUN_0046023c,0x46023c,library
FUN_00460244,0x460244,library
FUN_0046027d,0x46027d,library
FUN_004602a7,0x4602a7,library
FUN_004602e6,0x4602e6,library
FUN_004602f9,0x4602f9,library
FUN_00460303,0x460303,library
FUN_00460309,0x460309,library
FUN_00460310,0x460310,library
_startOneArgErrorHandling,0x460327,library
FUN_00460370,0x460370,library
_load_CW,0x460385,library
_convertTOStoQNaN,0x46039c,library
_fload_withFB,0x4603b5,library
FUN_004603f8,0x4603f8,library
_math_exit,0x46041b,library
FUN_00460445,0x460445,library
FUN_00460459,0x460459,library
FUN_00460500,0x460500,library
FUN_0046053b,0x46053b,library
FUN_0046053c,0x46053c,library
FUN_0046056c,0x46056c,library
FUN_00460575,0x460575,library
FUN_00460585,0x460585,library
FUN_00460586,0x460586,library
FUN_00460591,0x460591,library
FUN_00460598,0x460598,library
_cintrindisp2,0x4605b0,library
_cintrindisp1,0x4605ee,library
_ctrandisp2,0x46062b,library
FUN_00460673,0x460673,library
cintrinexit,0x46067a,library
_ctrandisp1,0x4607c1,library
_fload,0x4607f4,library
FUN_00460830,0x460830,library
FUN_00460947,0x460947,library
FUN_00460de6,0x460de6,library
FUN_00460df9,0x460df9,library
FUN_00460e0c,0x460e0c,library
FUN_00460e58,0x460e58,library
FUN_00460ea4,0x460ea4,library
FUN_00460ed8,0x460ed8,library
FUN_00460f0c,0x460f0c,library
FUN_00460f58,0x460f58,library
FUN_00460fa4,0x460fa4,library
FUN_00460fd8,0x460fd8,library
FUN_0046100c,0x46100c,library
FUN_00461021,0x461021,library
FUN_00461036,0x461036,library
FUN_0046123c,0x46123c,library
FUN_004612ee,0x4612ee,library
FUN_004614f4,0x4614f4,library
FUN_004615a9,0x4615a9,library
FUN_004615af,0x4615af,library
FUN_004615b5,0x4615b5,library
FUN_004615b8,0x4615b8,library
FUN_004615bb,0x4615bb,library
FUN_00461632,0x461632,library
FUN_004616fc,0x4616fc,library
__updatetlocinfo,0x4617be,library
FUN_004617f0,0x4617f0,library
FUN_004617f9,0x4617f9,library
_getptd,0x461817,library
FUN_00461888,0x461888,library
TypeMatch,0x4618f7,library
FUN_00461946,0x461946,library
__FrameUnwindToState,0x461964,library
FUN_00461a17,0x461a17,library
__DestructExceptionObject,0x461a32,library
FUN_00461a77,0x461a77,library
FUN_00461a94,0x461a94,library
FUN_00461bd7,0x461bd7,library
BuildCatchObject,0x461c3b,library
CatchIt,0x461db7,library
FUN_00461e1e,0x461e1e,library
FUN_00461ede,0x461ede,library
__InternalCxxFrameHandler,0x4620c0,library
terminate,0x462162,library
inconsistency,0x462197,library
_CallSettingFrame@12,0x4621d0,library
_raise_exc,0x46221c,library
FUN_004624c1,0x4624c1,library
FID_conflict:__set_errno_from_matherr,0x4626e3,library
_errcode,0x46270b,library
_umatherr,0x462738,library
_handle_qnan1,0x4627d6,library
FUN_00462829,0x462829,library
_set_exp,0x4628e7,library
_sptype,0x462911,library
FUN_0046296c,0x46296c,library
FUN_00462a26,0x462a26,library
FUN_00462a33,0x462a33,library
_ctrlfp,0x462a41,library
FUN_00462a65,0x462a65,library
FUN_00462abe,0x462abe,library
_close,0x462b41,library
FUN_00462bb8,0x462bb8,library
_freebuf,0x462bdc,library
_flush,0x462c07,library
_fflush_lk,0x462c64,library
FUN_00462c92,0x462c92,library
FUN_00462d67,0x462d67,library
FUN_00462d70,0x462d70,library
FUN_00462e19,0x462e19,library
_lock_file,0x462e2d,library
FID_conflict:__lock_file2,0x462e5c,library
_unlock_file,0x462e7f,library
FID_conflict:__lock_file2,0x462eae,library
_filbuf,0x462ed1,library
FUN_00462fb2,0x462fb2,library
_read,0x46317f,library
FUN_00463206,0x463206,library
FUN_0046322a,0x46322a,library
FUN_00463233,0x463233,library
_dosmaperr,0x46323c,library
FUN_004632af,0x4632af,library
_lseek_lk,0x4634ad,library
_lseek,0x463521,library
FUN_004635a8,0x4635a8,library
_openfile,0x4635cc,library
_getstream,0x463734,library
FUN_0046384d,0x46384d,library
FUN_00463856,0x463856,library
_write,0x4639fb,library
FUN_00463a82,0x463a82,library
FUN_00463aa6,0x463aa6,library
FUN_00463aec,0x463aec,library
FUN_00463aff,0x463aff,library
_stbuf,0x463b0c,library
_ftbuf,0x463b94,library
_mbctoupper,0x463bbe,library
FUN_00463c43,0x463c43,library
_FF_MSGBANNER,0x463dba,library
_XcptFilter,0x463df3,library
FUN_00463f57,0x463f57,library
_setenvp,0x463fc0,library
FUN_00464087,0x464087,library
FUN_004641f3,0x4641f3,library
__crtGetEnvironmentStringsA,0x464295,library
FUN_004643b7,0x4643b7,library
FUN_004643fb,0x4643fb,library
FUN_0046443f,0x46443f,library
has_osfxsr_set,0x4646d3,library
FUN_00464708,0x464708,library
FUN_0046475f,0x46475f,library
_rt_probe_read4@4,0x464830,library
_CIpow_pentium4,0x464880,library
_pow_pentium4,0x464899,library
FUN_004653d0,0x4653d0,library
FUN_00465448,0x465448,library
FUN_0046545a,0x46545a,library
FUN_00465474,0x465474,library
FUN_00465484,0x465484,library
FUN_00465489,0x465489,library
FUN_00465498,0x465498,library
FUN_0046549d,0x46549d,library
FUN_004654b7,0x4654b7,library
FUN_004654b8,0x4654b8,library
FUN_004654d2,0x4654d2,library
FUN_004654d9,0x4654d9,library
FUN_00465502,0x465502,library
FUN_0046550f,0x46550f,library
FUN_00465521,0x465521,library
FUN_0046552e,0x46552e,library
FUN_00465571,0x465571,library
FUN_00465596,0x465596,library
FUN_004655a5,0x4655a5,library
FUN_004655d6,0x4655d6,library
FUN_004655d7,0x4655d7,library
_powhlp,0x465641,library
FUN_004657ac,0x4657ac,library
FUN_00465869,0x465869,library
FUN_00465884,0x465884,library
tolower,0x46594c,library
_ZeroTail,0x46596e,library
_IncMan,0x4659a0,library
_RoundMan,0x4659ed,library
_CopyMan,0x465a5f,library
_IsZeroMan,0x465a7a,library
_ShrMan,0x465a93,library
_ld12cvt,0x465b0e,library
FID_conflict:__ld12tod,0x465c66,library
FID_conflict:__ld12tod,0x465c7c,library
FUN_00465c92,0x465c92,library
FUN_00465cd5,0x465cd5,library
FUN_00465d18,0x465d18,library
__dtold,0x465d8f,library
FUN_00465e49,0x465e49,library
FUN_00465ebb,0x465ebb,library
_abstract_cw,0x465ec4,library
_hw_cw,0x465f56,library
_control87,0x465fe4,library
_controlfp,0x466016,library
_getbuf,0x46602c,library
_isatty,0x466070,library
__wctomb_mt,0x46609a,library
wctomb,0x4660fa,library
_aulldvrm,0x466130,library
__crtMessageBoxA,0x4661c5,library
strncpy,0x4662c0,library
__crtInitCritSecNoSpinCount@8,0x4663e4,library
__crtInitCritSecAndSpinCount,0x4663f4,library
FUN_0046647f,0x46647f,library
__crtGetStringTypeA,0x46657d,library
__free_lc_time,0x466737,library
__free_lconv_num,0x4668c7,library
__free_lconv_mon,0x466926,library
strcspn,0x466a00,library
strcmp,0x466a50,library
FUN_00466ae0,0x466ae0,library
strpbrk,0x466ba0,library
FUN_00466be0,0x466be0,library
setSBCS,0x466c0f,library
FUN_00466c38,0x466c38,library
__updatetmbcinfo,0x466dca,library
FUN_00466e30,0x466e30,library
FUN_00466e39,0x466e39,library
_setmbcp,0x466fcf,library
FUN_00467116,0x467116,library
__initmbctable,0x46711f,library
FID_conflict:_ValidateRead,0x46713d,library
FID_conflict:_ValidateRead,0x467159,library
ValidateExecute,0x467175,library
abort,0x46718d,library
FUN_004671a5,0x4671a5,library
_set_osfhnd,0x4671a8,library
_free_osfhnd,0x467224,library
_get_osfhandle,0x4672a3,library
FUN_004672e4,0x4672e4,library
_unlock_fhandle,0x467357,library
FUN_00467379,0x467379,library
_commit,0x4674c6,library
FUN_00467566,0x467566,library
FUN_00467582,0x467582,library
FUN_0046761d,0x46761d,library
_sopen,0x467904,library
FUN_00467949,0x467949,library
_lseeki64_lk,0x467959,library
__crtLCMapStringA,0x4679dc,library
FUN_00467d98,0x467d98,library
FUN_00467dc9,0x467dc9,library
FUN_00467dda,0x467dda,library
FUN_00467eab,0x467eab,library
__addl,0x467ebe,library
__add_12,0x467edf,library
__shl_12,0x467f3d,library
__shr_12,0x467f6b,library
FUN_00467f98,0x467f98,library
FUN_0046807c,0x46807c,library
FUN_004684b6,0x4684b6,library
siglookup,0x46874a,library
raise,0x468778,library
FUN_004688b3,0x4688b3,library
FUN_004688f1,0x4688f1,library
FUN_0046893a,0x46893a,library
__ascii_stricmp,0x468b10,library
FUN_00468b5e,0x468b5e,library
FUN_00468c99,0x468c99,library
FUN_00468ed1,0x468ed1,library
__ascii_strnicmp,0x468f60,library
FUN_00468fc1,0x468fc1,library
FUN_00469030,0x469030,library
FUN_00469040,0x469040,library
FUN_00469046,0x469046,library
KERNEL32.DLL::RtlUnwind,0x4690fe,library
Unwind@00469110,0x469110,library
Unwind@00469125,0x469125,library
Unwind@00469140,0x469140,library
Unwind@00469160,0x469160,library
Unwind@00469168,0x469168,library
Unwind@00469173,0x469173,library
Unwind@00469190,0x469190,library
Unwind@004691a5,0x4691a5,library
Unwind@004691c0,0x4691c0,library
Unwind@004691e0,0x4691e0,library
Unwind@004691e8,0x4691e8,library
Unwind@00469200,0x469200,library
Unwind@00469214,0x469214,library
Unwind@0046922b,0x46922b,library
Unwind@00469242,0x469242,library
Unwind@00469260,0x469260,library
Unwind@00469280,0x469280,library
Unwind@004692a0,0x4692a0,library
Unwind@004692c0,0x4692c0,library
Unwind@004692cb,0x4692cb,library
Unwind@004692e0,0x4692e0,library
Unwind@00469300,0x469300,library
Unwind@00469308,0x469308,library
Unwind@00469340,0x469340,library
Unwind@00469358,0x469358,library
Unwind@0046936c,0x46936c,library
Unwind@00469376,0x469376,library
Unwind@00469380,0x469380,library
Unwind@0046938a,0x46938a,library
Unwind@00469394,0x469394,library
Unwind@0046939e,0x46939e,library
Unwind@004693a8,0x4693a8,library
INIT_G_ASCII_MANAGER,0x4693c0,library
INIT_G_ASCII_MANAGER_CALC_CHAIN,0x4693e0,library
INIT_G_ASCII_MANAGER_ON_DRAW_MENUS_CHAIN,0x469400,library
INIT_G_ASCII_MANAGER_ON_DRAW_HIGH_PRIO_CHAIN,0x469420,library
INIT_G_STAGE,0x469440,library
INIT_G_STAGE_CALC_CHAIN,0x469460,library
INIT_G_STAGE_ON_DRAW_HIGH_PRIO_CHAIN,0x469480,library
INIT_G_STAGE_ON_DRAW_LOW_PRIO_CHAIN,0x4694a0,library
INIT_G_UNKNOWN_UNUSED_CHAIN_ELEM,0x4694c0,library
FUN_004694e0,0x4694e0,library
INIT_G_EFFECT_MANAGER,0x469530,library
INIT_G_EFFECT_MANAGER_CALC_CHAIN,0x469550,library
INIT_G_EFFECT_MANAGER_ON_DRAW_CHAIN,0x469570,library
INIT_G_ENEMY_MANAGER_CALC_CHAIN,0x469590,library
INIT_G_ENEMY_MANAGER_DRAW_CHAIN,0x4695b0,library
INIT_G_ENEMY_MANAGER,0x4695d0,library
INIT_G_BULLET_MANAGER_CALC_CHAIN,0x4695e0,library
INIT_G_BULLET_MANAGER_DRAW_CHAIN,0x469600,library
INIT_G_BULLET_MANAGER,0x469620,library
INIT_G_GUI_CALC_CHAIN,0x46962f,library
INIT_G_GUI_DRAW_CHAIN,0x469649,library
INIT_G_GAME_MANAGER,0x469663,library
INIT_G_GAME_MANAGER_CALC_CHAIN,0x469672,library
INIT_G_GAME_MANAGER_DRAW_CHAIN,0x46968c,library
INIT_G_CHAIN,0x4696b0,library
FUN_004696d0,0x4696d0,library
FUN_004696f0,0x4696f0,library
$E1,0x469710,library
INIT_ITEM_MANAGER,0x469750,library
FUN_00469770,0x469770,library
FUN_00469790,0x469790,library
INIT_G_GAME_CONTEXT,0x4697ac,library
INIT_G_PLAYER,0x4697d0,library
FUN_004697f0,0x4697f0,library
INIT_G_SOUND_PLAYER,0x469810,library
INIT_g_PrimitivesToDrawVertexBuf,0x469830,library
INIT_G_PrimitivesToDrawNoVertexBuf,0x469870,library
INIT_g_PrimitivesToDrawUnknown,0x4698b0,library
INIT_G_MAIN_MENU,0x4698e9,library
FINI_G_ASCII_MANAGER_CALC_CHAIN,0x469900,library
FINI_G_ASCII_MANAGER_ON_DRAW_MENUS_CHAIN,0x469910,library
FINI_G_ASCII_MANAGER_ON_DRAW_HIGH_PRIO_CHAIN,0x469920,library
FINI_G_STAGE_CALC_CHAIN,0x469930,library
FINI_G_STAGE_ON_DRAW_HIGH_PRIO_CHAIN,0x469940,library
FINI_G_STAGE_ON_DRAW_LOW_PRIO_CHAIN,0x469950,library
FINI_G_UNKNOWN_UNUSED_CHAIN_ELEM,0x469960,library
FINI_G_EFFECT_MANAGER_CALC_CHAIN,0x469970,library
FINI_G_EFFECT_MANAGER_ON_DRAW_CHAIN,0x469980,library
FUN_00469990,0x469990,library
FUN_004699a0,0x4699a0,library
FINI_G_BULLET_MANAGER_CALC_CHAIN,0x4699b0,library
FINI_G_BULLET_MANAGER_DRAW_CHAIN,0x4699c0,library
FUN_004699cf,0x4699cf,library
FUN_004699de,0x4699de,library
FINI_G_GAME_MANAGER_CALC_CHAIN,0x4699ed,library
FINI_G_GAME_MANAGER_DRAW_CHAIN,0x4699fc,library
FINI_G_CHAIN,0x469a10,library
FUN_00469a20,0x469a20,library
th06::GameErrorContext::~GameErrorContext,0x469a30,library
FUN_00469a40,0x469a40,library
FUN_00469a50,0x469a50,library
