address,type,x-text
0x46a280,string,"data/capture.anm"
0x46a294,string,"data/asciis.anm"
0x46a2a4,string,"data/ascii.anm"
0x46a2d4,string,"data/stg7bg.anm"
0x46a2e4,string,"data/stage6.std"
0x46a2f4,string,"data/stg6bg.anm"
0x46a304,string,"data/stage5.std"
0x46a314,string,"data/stg5bg.anm"
0x46a324,string,"data/stage4.std"
0x46a334,string,"data/stg4bg.anm"
0x46a344,string,"data/stage3.std"
0x46a354,string,"data/stg3bg.anm"
0x46a364,string,"data/stage2.std"
0x46a374,string,"data/stg2bg.anm"
0x46a384,string,"data/stage1.std"
0x46a394,string,"data/stg1bg.anm"
0x46a3a4,string,"dummy"
0x46a3ac,string,"ステージデータが見つかりません。データが壊れています\n"
0x46a480,string,"敵データの読み込みに失敗しました、データが壊れてるか失われています\n"
0x46a500,string,"error : no Stack Ret\n"
0x46a5a4,string,"data/eff04.anm"
0x46a5b4,string,"data/eff03.anm"
0x46a5c4,string,"data/eff02.anm"
0x46a5d4,string,"data/eff01.anm"
0x46a5e8,string,"error : エンディングファイルが読み込めない、ファイルが破壊されています\n"
0x46a630,string,"data/end11.end"
0x46a640,string,"data/end10.end"
0x46a650,string,"data/end01.end"
0x46a660,string,"data/end00.end"
0x46a670,string,"data/end10b.end"
0x46a680,string,"data/end00b.end"
0x46a690,string,"data/staff03.anm"
0x46a6a4,string,"data/staff02.anm"
0x46a6b8,string,"data/staff01.anm"
0x46a7dc,string,"data/etama3.anm"
0x46a7f8,string,"Spell Card Bonus!"
0x46a828,string,"BONUS %8d"
0x46a834,string,"Total     = %8d"
0x46a844,string,"Player Penalty * 0.2\n"
0x46a85c,string,"Player Penalty * 0.5\n"
0x46a874,string,"Extra Rank     * 2.0\n"
0x46a88c,string,"Lunatic Rank   * 1.5\n"
0x46a8a4,string,"Hard Rank      * 1.2\n"
0x46a8bc,string,"Normal Rank    * 1.0\n"
0x46a8d4,string,"Easy Rank      * 0.5\n"
0x46a8ec,string,"Bomb      = %8d\n"
0x46a900,string,"Player    = %8d\n"
0x46a914,string,"    * Point Item %3d\n"
0x46a92c,string,"Graze *   10 = %5d\n"
0x46a940,string,"Power *  100 = %5d\n"
0x46a954,string,"Stage * 1000 = %5d\n"
0x46a968,string,"All Clear!\n\n"
0x46a978,string,"Stage Clear\n\n"
0x46a994,string,"data/msg7.dat"
0x46a9a4,string,"data/face12b.anm"
0x46a9b8,string,"data/face12a.anm"
0x46a9cc,string,"data/msg6.dat"
0x46a9dc,string,"data/face10b.anm"
0x46a9f0,string,"data/face10a.anm"
0x46aa04,string,"data/msg5.dat"
0x46aa14,string,"data/face09b.anm"
0x46aa28,string,"data/face09a.anm"
0x46aa3c,string,"data/msg4.dat"
0x46aa4c,string,"data/face08b.anm"
0x46aa60,string,"data/face08a.anm"
0x46aa74,string,"data/msg3.dat"
0x46aa84,string,"data/face06b.anm"
0x46aa98,string,"data/face06a.anm"
0x46aaac,string,"data/msg2.dat"
0x46aabc,string,"data/face05a.anm"
0x46aad0,string,"data/msg1.dat"
0x46aae0,string,"data/face03b.anm"
0x46aaf4,string,"data/face03a.anm"
0x46ab08,string,"data/face01c.anm"
0x46ab1c,string,"data/face01b.anm"
0x46ab30,string,"data/face01a.anm"
0x46ab44,string,"data/face00c.anm"
0x46ab58,string,"data/face00b.anm"
0x46ab6c,string,"data/face00a.anm"
0x46ab80,string,"data/loading.anm"
0x46ab94,string,"data/front.anm"
0x46aba4,string,"error : メッセージファイル %s が読み込めませんでした\n"
0x46abdc,string,"data/face12c.anm"
0x46abf0,string,"data/eff07.anm"
0x46ac00,string,"data/eff06.anm"
0x46ac88,string,"EXTRA STAGE"
0x46ac94,string,"FINAL STAGE"
0x46accc,string,"data/ecldata6.ecl"
0x46ace0,string,"data/ecldata5.ecl"
0x46acf4,string,"data/ecldata4.ecl"
0x46ad08,string,"data/ecldata3.ecl"
0x46ad1c,string,"data/ecldata2.ecl"
0x46ad30,string,"data/ecldata1.ecl"
0x46ad44,string,"data/stg7enm2.anm"
0x46ad58,string,"data/stg7enm.anm"
0x46ad6c,string,"data/stg6enm2.anm"
0x46ad80,string,"data/stg6enm.anm"
0x46ad94,string,"data/stg5enm2.anm"
0x46ada8,string,"data/stg5enm.anm"
0x46adbc,string,"data/stg4enm.anm"
0x46add0,string,"data/stg3enm.anm"
0x46ade4,string,"data/stg2enm2.anm"
0x46adf8,string,"data/stg2enm.anm"
0x46ae0c,string,"data/stg1enm2.anm"
0x46ae20,string,"data/stg1enm.anm"
0x46ae34,string,"replay/th6_00.rpy"
0x46ae48,string,"error : 2D表示の初期化に失敗しました\n"
0x46ae70,string,"error : エフェクトの初期化に失敗しました\n"
0x46ae9c,string,"error : 敵頭脳の初期化に失敗しました\n"
0x46aec4,string,"error : 敵の初期化に失敗しました\n"
0x46aee8,string,"error : 敵弾の初期化に失敗しました\n"
0x46af0c,string,"data/etama.anm"
0x46af1c,string,"error : プレイヤーの初期化に失敗しました\n"
0x46af48,string,"error : 背景データの初期化に失敗しました\n"
0x46af94,string,"score.dat"
0x46afb8,string,"add calc chain (pri = %d)\n"
0x46afd4,string,"add draw chain (pri = %d)\n"
0x46aff0,string,"draw cut Chain (Pri = %d)\n"
0x46b00c,string,"calc cut Chain (Pri = %d)\n"
0x46b028,string,"使えるパッドが存在しないようです、残念\n"
0x46b050,string,"error : DIERR_INPUTLOST %d\n"
0x46b06c,string,"error : DIERR_INPUTLOST\n"
0x46b088,string,"D3DXCreateFontIndirect FALSE"
0x46b0bc,string,"error : %s is not found.\n"
0x46b0dc,string,"%s Load ... \n"
0x46b0ec,string,"%s Decode ... \n"
0x46b100,string,"東方動作記録 --------------------------------------------- \n"
0x46b150,string,"再起動を要するオプションが変更されたので再起動します\n"
0x46b188,string,"東方紅魔郷.cfg"
0x46b1c8,string,"Direct3D オブジェクトは何故か作成出来なかった\n"
0x46b1f8,string,"東方紅魔郷　〜 the Embodiment of Scarlet Devil"
0x46b230,string,"D3DFMT_A8R8G8B8 をサポートしていません、減色モードで動作します\n"
0x46b270,string,"ビデオカードが非同期フリップをサポートしていません、Force60Frameで動作できません\n"
0x46b2c8,string,"D3DTEXOPCAPS_ADD をサポートしていません、色加算エミュレートモードで動作します\n"
0x46b318,string,"T&L HAL で動作しま〜す\n"
0x46b330,string,"HAL で動作します\n"
0x46b344,string,"REF で動作しますが、重すぎて恐らくゲームになりません...\n"
0x46b380,string,"Direct3D の初期化に失敗、これではゲームは出来ません\n"
0x46b3b8,string,"バックバッファをロック不可能にしてみます\n"
0x46b3e4,string,"リフレッシュレートが変更できません、vsync 非同期に変更します\n"
0x46b424,string,"HAL も使用できないようです\n"
0x46b440,string,"T&L HAL は使用できないようです\n"
0x46b460,string,"リフレッシュレートを60Hzに変更します\n"
0x46b488,string,"初回起動、画面を 16Bits で初期化しました\n"
0x46b4b4,string,"初回起動、画面を 32Bits で初期化しました\n"
0x46b4e0,string,"二つは起動できません\n"
0x46b4f8,string,"Touhou Koumakyou App"
0x46b510,string,"./log.txt"
0x46b520,string,"log"
0x46b524,string,"---------------------------------------------------------- \n"
0x46b56c,string,"error : MIDI File が読み込めない %s \n"
0x46b5d4,string,"error :\n"
0x46b5f0,string,"error : 文字の初期化に失敗しました\n"
0x46b614,string,"data/text.anm"
0x46b624,string,"data/title/th06logo.jpg"
0x46b64c,string,"有効なパッドを発見しました\n"
0x46b668,string,"DirectInput は正常に初期化されました\n"
0x46b690,string,"DirectInput SetCooperativeLevel が使用できません\n"
0x46b6c4,string,"DirectInput SetDataFormat が使用できません\n"
0x46b6f0,string,"DirectInput が使用できません\n"
0x46b724,string,"%.02ffps"
0x46b738,string,"error : データのバージョンが違います\n"
0x46b760,string,"ver%.4x.dat"
0x46b76c,string,"%s open ...\n"
0x46b780,string,"フォルダが書込み禁止属性になっているか、ディスクがいっぱいいっぱいになってませんか？\n"
0x46b7d8,string,"ファイルが書き出せません %s\n"
0x46b7f8,string,"パッド、キーボードの入力に DirectInput を使用しません\n"
0x46b830,string,"リファレンスラスタライザを強制します\n"
0x46b858,string,"ウィンドウモードで起動します\n"
0x46b878,string,"テクスチャの色合成を抑制しますn"
0x46b898,string,"６０フレーム強制モードにします\n"
0x46b8b8,string,"デプステストを抑制します\n"
0x46b8d4,string,"グーローシェーディングを抑制します\n"
0x46b8f8,string,"ゲーム周りのアイテムの描画を抑制します\n"
0x46b920,string,"バックバッファの消去を強制します\n"
0x46b944,string,"16Bit のテクスチャの使用を強制します\n"
0x46b96c,string,"フォグの使用を抑制します\n"
0x46b988,string,"頂点バッファの使用を抑制します\n"
0x46b9a8,string,"コンフィグデータが破壊されていたので再初期化しました\n"
0x46b9e0,string,"コンフィグデータが見つからないので初期化しました\n"
0x46ba14,string,"wave データが無いので、midi にします\n"
0x46ba3c,string,"bgm/th06_01.wav"
0x46ba70,string,"data/music02.anm"
0x46ba84,string,"data/music01.anm"
0x46ba98,string,"data/music00.anm"
0x46baac,string,"data/result/music.jpg"
0x46bae0,string,"data/player00.anm"
0x46bafc,string,"error : replay.cpp"
0x46bb10,string,"NO NAME"
0x46bb18,string,"Replay Size %d\n"
0x46bc0c,string,"        "
0x46bc20,string,"./replay/th6_%.2d.rpy"
0x46bc38,string,"replay"
0x46bc40,string,"    Extra"
0x46bc4c,string,"  Lunatic"
0x46bc58,string,"     Hard"
0x46bc64,string,"   Normal"
0x46bc70,string,"     Easy"
0x46bc88,string,"      100%%"
0x46bc98,string,"    %3.2f%%"
0x46bcec,string,"MarisaB"
0x46bcf4,string,"MarisaA"
0x46bcfc,string,"ReimuB "
0x46bd04,string,"ReimuA "
0x46bd0c,string,"No.%.2d -------- --/--/-- -------         0"
0x46bd38,string,"      %8s"
0x46bd44,string,"No.%.2d %8s %8s %7s %9d"
0x46bd5c,string,"No.   Name     Date     Player Score"
0x46bd8c,string,"%3d/%3d"
0x46bd94,string,"No.%.2d"
0x46bda8,string,"%8s %9d(C)"
0x46bdb4,string,"%8s %9d(1)"
0x46bdc0,string,"%8s %9d(%d)"
0x46bdd4,string,"   %8s"
0x46bdfc,string,"data/result03.anm"
0x46be10,string,"data/result02.anm"
0x46be24,string,"data/result01.anm"
0x46be38,string,"data/result00.anm"
0x46be4c,string,"data/result/result.jpg"
0x46be64,string,"data/wav/powerup.wav"
0x46be7c,string,"data/wav/graze.wav"
0x46be90,string,"data/wav/timeout.wav"
0x46bea8,string,"data/wav/extend.wav"
0x46bebc,string,"data/wav/kira02.wav"
0x46bed0,string,"data/wav/kira01.wav"
0x46bee4,string,"data/wav/kira00.wav"
0x46bef8,string,"data/wav/item00.wav"
0x46bf0c,string,"data/wav/damage00.wav"
0x46bf24,string,"data/wav/nep00.wav"
0x46bf38,string,"data/wav/enep01.wav"
0x46bf4c,string,"data/wav/lazer01.wav"
0x46bf64,string,"data/wav/lazer00.wav"
0x46bf7c,string,"data/wav/cat00.wav"
0x46bf90,string,"data/wav/gun00.wav"
0x46bfa4,string,"data/wav/select00.wav"
0x46bfbc,string,"data/wav/cancel00.wav"
0x46bfd4,string,"data/wav/ok00.wav"
0x46bfe8,string,"data/wav/tan02.wav"
0x46bffc,string,"data/wav/tan01.wav"
0x46c010,string,"data/wav/tan00.wav"
0x46c024,string,"data/wav/power1.wav"
0x46c038,string,"data/wav/power0.wav"
0x46c04c,string,"data/wav/pldead00.wav"
0x46c064,string,"data/wav/enep00.wav"
0x46c078,string,"data/wav/plst00.wav"
0x46c08c,string,"DirectSound は正常に初期化されました\n"
0x46c0b4,string,"DirectSound オブジェクトの初期化が失敗したよ\n"
0x46c0f4,string,"Wav ファイルじゃない? %s\n"
0x46c118,string,"Wav ファイルじゃない %s\n"
0x46c13c,string,"comp\n"
0x46c188,string,"error : wav file load error %s\n"
0x46c1a8,string,"load BGM\n"
0x46c1b4,string,"play BGM\n"
0x46c1c0,string,"stop BGM\n"
0x46c1cc,string,"stop m_dwNotifyThreadID\n"
0x46c1e8,string,"error : Sound ファイルが読み込めない データを確認 %s\n"
0x46c238,string,"error : イメージがαを持っていません\n"
0x46c260,string,"テクスチャ %s が読み込めません。データが失われてるか壊れています\n"
0x46c2a8,string,"スプライトアニメ %s が読み込めません。データが失われてるか壊れています\n"
0x46c300,string,"%sが読み込めないです。\n"
0x46c318,string,"Reflesh Rate = %f\n"
0x46c368,string,"セレクト画面の読み込みに失敗\n"
0x46c388,string,"data/demo/demo00.rpy"
0x46c3a4,string,"bgm/th06_01.mid"
0x46c3b8,string,"User "
0x46c3c0,string,"./replay/%s"
0x46c3cc,string,"th6_ud????.rpy"
0x46c3dc,string,"./replay"
0x46c3e8,string,"Extra "
0x46c3f0,string,"Stage6"
0x46c3f8,string,"Stage5"
0x46c400,string,"Stage4"
0x46c408,string,"Stage3"
0x46c410,string,"Stage2"
0x46c418,string,"Stage1"
0x46c420,string,"Extra  "
0x46c428,string,"Lunatic"
0x46c430,string,"Hard   "
0x46c438,string,"Normal "
0x46c440,string,"Easy   "
0x46c448,string,"%s ---------"
0x46c458,string,"%s %9d"
0x46c460,string,"Stage  LastScore"
0x46c474,string,"       %2.3f%%"
0x46c484,string,"%s %8s  %8s %7s  %7s"
0x46c49c,string,"No.   Name      Date     Player   Rank"
0x46c4c8,string,"STAGE %d  %.9d"
0x46c4f8,string,"data/title04s.anm"
0x46c50c,string,"data/title01s.anm"
0x46c520,string,"data/title04.anm"
0x46c534,string,"data/title03.anm"
0x46c548,string,"data/title02.anm"
0x46c55c,string,"data/title01.anm"
0x46c580,string,"data/slpl01b.anm"
0x46c594,string,"data/slpl01a.anm"
0x46c5a8,string,"data/slpl00b.anm"
0x46c5bc,string,"data/slpl00a.anm"
0x46c5d0,string,"data/select05.anm"
0x46c5e4,string,"data/select04.anm"
0x46c5f8,string,"data/select03.anm"
0x46c60c,string,"data/select02.anm"
0x46c620,string,"data/select01.anm"
0x46c634,string,"data/title/select00.jpg"
0x46c64c,string,"data/replay00.anm"
0x46c660,string,"Debug : title 開始 VRAM = %d\n"
0x46c68c,string,"CSound::Stop "
0x46c6a0,string,"error : m_apDSBuffer[0]->GetCurrentPosition in HandleWaveStreamNotification\n"
0x46c6f0,string,"error : m_pWaveFile->Read(+) in HandleWaveStreamNotification\n"
0x46c730,string,"error : m_pWaveFile->ResetFile in HandleWaveStreamNotification\n"
0x46c770,string,"error : m_pWaveFile->Read in HandleWaveStreamNotification\n"
0x46c7ac,string,"error : Buffer->Lock in HandleWaveStreamNotification\n"
0x46c7e4,string,"error : FillBufferWithSound in HandleWaveStreamNotification\n"
0x46c824,string,"error : RestoreBuffer in HandleWaveStreamNotification\n"
0x46c85c,string,"error : ResetFile in CWaveFile::Open()\n"
0x46c884,string,"error : ReadOpen in CWaveFile::Open()\n"
0x46c8ac,string,"error : mmioOpen in CWaveFile::Open()\n"
0x46c8d4,string,"too Meny Open Files \n"
0x46c8f0,string,"The file is being used by another application and is unavailable. \n"
0x46c934,string,"The directory specification is incorrect. \n"
0x46c960,string,"Another failure condition occurred. This is the default error for an open-file failure. \n"
0x46c9bc,string,"The file is protected and cannot be opened. \n"
0x46c9ec,string,"error : mmioSetInfo in CWaveFile::ResetFile\n"
0x46ca20,string,"error : mmioinfoIn.pchNext == mmioinfoIn.pchEndRead in CWaveFile::ResetFile\n"
0x46ca70,string,"error : mmioAdvance in CWaveFile::ResetFile\n"
0x46caa0,string,"error : mmioGetInfo in CWaveFile::ResetFile\n"
0x46cad0,string,"error : mmioDescend in CWaveFile::ResetFile\n"
0x46cb00,string,"error : mmioSeek in CWaveFile::ResetFile\n"
0x46cb2c,string,"error : m_hmmio\t== NULL in CWaveFile::ResetFile\n"
0x46cb60,string,"error :\t%s(%s)\n"
0x46cb70,string,"zwave.cpp"
0x46d083,string,">read error"
0x46d0c0,string,"1.0.5"
0x46d484,string,"Application transferred too many scanlines"
0x46d4b0,string,"Invalid SOS parameters for sequential JPEG"
0x46d4dc,string,"Corrupt JPEG data: found marker 0x%02x instead of RST%d"
0x46d514,string,"Premature end of JPEG file"
0x46d530,string,"Warning: unknown JFIF revision number %d.%02d"
0x46d560,string,"Corrupt JPEG data: bad Huffman code"
0x46d584,string,"Corrupt JPEG data: premature end of data segment"
0x46d5b8,string,"Corrupt JPEG data: %u extraneous bytes before marker 0x%02x"
0x46d5f8,string,"Inconsistent progression sequence for component %d coefficient %d"
0x46d63c,string,"Unknown Adobe color transform code %d"
0x46d664,string,"Obtained XMS handle %u"
0x46d67c,string,"Freed XMS handle %u"
0x46d690,string,"Unrecognized component IDs %d %d %d, assuming YCbCr"
0x46d6c4,string,"Opened temporary file %s"
0x46d6e0,string,"Closed temporary file %s"
0x46d6fc,string,"  Ss=%d, Se=%d, Ah=%d, Al=%d"
0x46d71c,string,"    Component %d: dc=%d ac=%d"
0x46d73c,string,"Start Of Scan: %d components"
0x46d75c,string,"Start of Image"
0x46d76c,string,"    Component %d: %dhx%dv q=%d"
0x46d78c,string,"Start Of Frame 0x%02x: width=%u, height=%u, components=%d"
0x46d7c8,string,"Smoothing not supported with nonstandard sampling ratios"
0x46d804,string,"RST%d"
0x46d80c,string,"At marker 0x%02x, recovery action %d"
0x46d834,string,"Selected %d colors for quantization"
0x46d858,string,"Quantizing to %d colors"
0x46d870,string,"Quantizing to %d = %d*%d*%d colors"
0x46d894,string,"        %4u %4u %4u %4u %4u %4u %4u %4u"
0x46d8bc,string,"Unexpected marker 0x%02x"
0x46d8d8,string,"Skipping marker 0x%02x, length %u"
0x46d8fc,string,"    with %d x %d thumbnail image"
0x46d920,string,"Unknown JFIF minor revision number %d.%02d"
0x46d94c,string,"Warning: thumbnail image size does not match data length %u"
0x46d988,string,"JFIF APP0 marker, density %dx%d  %d"
0x46d9ac,string,"        %3d %3d %3d %3d %3d %3d %3d %3d"
0x46d9d4,string,"End Of Image"
0x46d9e4,string,"Obtained EMS handle %u"
0x46d9fc,string,"Freed EMS handle %u"
0x46da10,string,"Define Restart Interval %u"
0x46da2c,string,"Define Quantization Table %d  precision %d"
0x46da58,string,"Define Huffman Table 0x%02x"
0x46da74,string,"Define Arithmetic Table 0x%02x: 0x%02x"
0x46da9c,string,"Unknown APP14 marker (not Adobe), length %u"
0x46dac8,string,"Unknown APP0 marker (not JFIF), length %u"
0x46daf8,string,"Adobe APP14 marker: version %d, flags 0x%04x 0x%04x, transform %d"
0x46db3c,string,"Caution: quantization tables are too coarse for baseline JPEG"
0x46db7c,string,"6a  7-Feb-96"
0x46db8c,string,"Copyright (C) 1996, Thomas G. Lane"
0x46dbb0,string,"Write to XMS failed"
0x46dbc4,string,"Read from XMS failed"
0x46dbdc,string,"Image too wide for this implementation"
0x46dc04,string,"Virtual array controller messed up"
0x46dc28,string,"Unsupported marker type 0x%02x"
0x46dc48,string,"Application transferred too few scanlines"
0x46dc74,string,"Write failed on temporary file --- out of disk space?"
0x46dcac,string,"Seek failed on temporary file"
0x46dccc,string,"Read failed on temporary file"
0x46dcec,string,"Failed to create temporary file %s"
0x46dd10,string,"Invalid JPEG file structure: SOS before SOF"
0x46dd3c,string,"Invalid JPEG file structure: two SOI markers"
0x46dd6c,string,"Unsupported JPEG process: SOF type 0x%02x"
0x46dd98,string,"Invalid JPEG file structure: missing SOS marker"
0x46ddc8,string,"Invalid JPEG file structure: two SOF markers"
0x46ddf8,string,"Cannot quantize to more than %d colors"
0x46de20,string,"Cannot quantize to fewer than %d colors"
0x46de48,string,"Cannot quantize more than %d color components"
0x46de78,string,"Insufficient memory (case %d)"
0x46de98,string,"Not a JPEG file: starts with 0x%02x 0x%02x"
0x46dec4,string,"Quantization table 0x%02x was not defined"
0x46def0,string,"JPEG datastream contains no image"
0x46df14,string,"Huffman table 0x%02x was not defined"
0x46df3c,string,"Backing store not supported"
0x46df58,string,"Requested feature was omitted at compile time"
0x46df88,string,"Not implemented yet"
0x46df9c,string,"Invalid color quantization mode change"
0x46dfc4,string,"Scan script does not transmit all data"
0x46dfec,string,"Cannot transcode due to multiple use of quantization table %d"
0x46e02c,string,"Premature end of input file"
0x46e048,string,"Empty input file"
0x46e05c,string,"Maximum supported image dimension is %u pixels"
0x46e08c,string,"Missing Huffman code table entry"
0x46e0b0,string,"Huffman code size table overflow"
0x46e0d4,string,"Fractional sampling not implemented yet"
0x46e0fc,string,"Output file write error --- out of disk space?"
0x46e12c,string,"Input file read error"
0x46e144,string,"Didn\'t expect more than one scan"
0x46e168,string,"Write to EMS failed"
0x46e17c,string,"Read from EMS failed"
0x46e194,string,"Empty JPEG image (DNL not supported)"
0x46e1bc,string,"Bogus DQT index %d"
0x46e1d0,string,"Bogus DHT index %d"
0x46e1e4,string,"Bogus DHT counts"
0x46e1f8,string,"Bogus DAC value 0x%x"
0x46e210,string,"Bogus DAC index %d"
0x46e224,string,"Unsupported color conversion request"
0x46e24c,string,"Too many color components: %d, max %d"
0x46e274,string,"CCIR601 sampling not implemented yet"
0x46e29c,string,"Suspension not allowed here"
0x46e2b8,string,"Buffer passed to JPEG library is too small"
0x46e2e4,string,"Bogus virtual array access"
0x46e300,string,"JPEG parameter struct mismatch: library thinks size is %u, caller expects %u"
0x46e350,string,"Improper call to JPEG library in state %d"
0x46e37c,string,"Invalid scan script at entry %d"
0x46e39c,string,"Bogus sampling factors"
0x46e3b4,string,"Invalid progressive parameters at scan script entry %d"
0x46e3ec,string,"Invalid progressive parameters Ss=%d Se=%d Ah=%d Al=%d"
0x46e424,string,"Unsupported JPEG data precision %d"
0x46e448,string,"Invalid memory pool code %d"
0x46e464,string,"Sampling factors too large for interleaved scan"
0x46e494,string,"Wrong JPEG library version: library is %d, caller expects %d"
0x46e4d4,string,"Bogus marker length"
0x46e4e8,string,"Bogus JPEG colorspace"
0x46e500,string,"Bogus input colorspace"
0x46e518,string,"IDCT output block size %d not supported"
0x46e540,string,"Invalid component ID %d in SOS"
0x46e560,string,"Bogus buffer control mode"
0x46e57c,string,"MAX_ALLOC_CHUNK is wrong, please fix"
0x46e5a4,string,"ALIGN_TYPE is wrong, please fix"
0x46e5c4,string,"Sorry, there are legal restrictions on arithmetic coding"
0x46e600,string,"Bogus message code %d"
0x46e618,string,"0123456789ABCDEF1.0.5"
0x46e6a4,string,"zlib version error"
0x46e6b8,string,"zlib memory error"
0x46e6cc,string,"Unknown zlib error"
0x46e6e0,string,"1.1.3"
0x46e6e8,string,"Incompatible libpng version in application and library"
0x46e720,string,"Missing PLTE before IDAT"
0x46e73c,string,"Missing IHDR before IDAT"
0x46e758,string,"PNG file corrupted by ASCII conversion"
0x46e780,string,"Not a PNG file"
0x46e790,string,"Extra compressed data"
0x46e7a8,string,"Decompression error"
0x46e7bc,string,"Not enough image data"
0x46e7d4,string,"Invalid attempt to read row data"
0x46e7f8,string,"Width too large for libpng to process image data."
0x46e84e,string,"p?png_do_dither returned rowbytes=0"
0x46e874,string,"NULL row buffer"
0x46e884,string,"Width too large to process image data; rowbytes will overflow."
0x46e8cf,string,"?Call to NULL read function"
0x46e8ec,string,"same structure.  Resetting write_data_fn to NULL."
0x46e920,string,"It\'s an error to set both read_data_fn and write_data_fn in the "
0x46ebc0,string,"need dictionary"
0x46ebd0,string,"incorrect data check"
0x46ebe8,string,"incorrect header check"
0x46ec00,string,"invalid window size"
0x46ec14,string,"unknown compression method"
0x46ec30,string,"Out of Memory"
0x46ecb8,string,"invalid chunk type"
0x46eccc,string,"Ignoring bad adaptive filter type"
0x46ecf0,string,"CRC error"
0x46ecfc,string,"Unknown filter method in IHDR"
0x46ed1c,string,"Unknown compression method in IHDR"
0x46ed40,string,"Unknown interlace method in IHDR"
0x46ed64,string,"Invalid color type/bit depth combination in IHDR"
0x46ed98,string,"Invalid color type in IHDR"
0x46edb4,string,"Invalid bit depth in IHDR"
0x46edd0,string,"Invalid image size in IHDR"
0x46edec,string,"Invalid IHDR chunk"
0x46ee00,string,"Out of place IHDR"
0x46ee14,string,"Truncating incorrect tRNS chunk length"
0x46ee3c,string,"Invalid palette chunk"
0x46ee54,string,"Duplicate PLTE chunk"
0x46ee6c,string,"Invalid PLTE after IDAT"
0x46ee84,string,"Missing IHDR before PLTE"
0x46eea0,string,"Incorrect IEND chunk length"
0x46eebc,string,"No image in file"
0x46eed0,string,"Ignoring incorrect gAMA value when sRGB is also present"
0x46ef17,string,"@Duplicate gAMA chunk"
0x46ef30,string,"Out of place gAMA chunk"
0x46ef48,string,"Invalid gAMA after IDAT"
0x46ef60,string,"Incorrect gAMA chunk length"
0x46ef7c,string,"Missing IHDR before gAMA"
0x46ef9b,string,"GUnknown sRGB intent"
0x46efb0,string,"Duplicate sRGB chunk"
0x46efc8,string,"Out of place sRGB chunk"
0x46efe0,string,"Invalid sRGB after IDAT"
0x46eff8,string,"Incorrect sRGB chunk length"
0x46f014,string,"Missing IHDR before sRGB"
0x46f030,string,"tRNS chunk not allowed with alpha channel"
0x46f05c,string,"Incorrect tRNS chunk length"
0x46f078,string,"Duplicate tRNS chunk"
0x46f090,string,"Invalid tRNS after IDAT"
0x46f0a8,string,"Zero length tRNS chunk"
0x46f0c0,string,"Missing PLTE before tRNS"
0x46f0dc,string,"Missing IHDR before tRNS"
0x46f0f8,string,"unknown critical chunk"
0x46f110,string,"Extra compression data"
0x46f128,string,"Decompression Error"
0x46f8c4,string,"invalid bit length repeat"
0x46f8e0,string,"too many length or distance symbols"
0x46f904,string,"invalid stored block lengths"
0x46f924,string,"invalid block type"
0x46f938,string,"incompatible version"
0x46f950,string,"buffer error"
0x46f960,string,"insufficient memory"
0x46f974,string,"data error"
0x46f980,string,"stream error"
0x46f990,string,"file error"
0x46f99c,string,"stream end"
0x46f9b7,string,"?invalid distance code"
0x46f9d0,string,"invalid literal/length code"
0x46fbe0,string,"incomplete dynamic bit lengths tree"
0x46fc04,string,"oversubscribed dynamic bit lengths tree"
0x46fc2c,string,"incomplete literal/length tree"
0x46fc4c,string,"oversubscribed literal/length tree"
0x46fc70,string,"empty distance tree with lengths"
0x46fc94,string,"incomplete distance tree"
0x46fcb0,string,"oversubscribed distance tree"
0x470000,string,"CorExitProcess"
0x470010,string,"mscoree.dll"
0x47004c,string,"e+000"
0x470066,string,"GAIsProcessorFeaturePresent"
0x470084,string,"KERNEL32"
0x4700fc,string,"(null)"
0x470104,string,"Microsoft Visual C++ Runtime Library"
0x47012c,string,"Program: "
0x470140,string,"<program name unknown>"
0x470158,string,"A buffer overrun has been detected which has corrupted the program\'s\ninternal state.  The program cannot safely continue execution and must\nnow be terminated.\n"
0x4701f8,string,"Buffer overrun detected!"
0x470218,string,"A security error of unknown cause has been detected which has\ncorrupted the program\'s internal state.  The program cannot safely\ncontinue execution and must now be terminated.\n"
0x4702cc,string,"Unknown security failure detected!"
0x47057c,string,"_nextafter"
0x4705d4,string,"floor"
0x470630,string,"log10"
0x4706a4,string,"runtime error "
0x4706b8,string,"TLOSS error\r\n"
0x4706c8,string,"SING error\r\n"
0x4706d8,string,"DOMAIN error\r\n"
0x4706e8,string,"R6028\r\n- unable to initialize heap\r\n"
0x470710,string,"R6027\r\n- not enough space for lowio initialization\r\n"
0x470748,string,"R6026\r\n- not enough space for stdio initialization\r\n"
0x470780,string,"R6025\r\n- pure virtual function call\r\n"
0x4707a8,string,"R6024\r\n- not enough space for _onexit/atexit table\r\n"
0x4707e0,string,"R6019\r\n- unable to open console device\r\n"
0x47080c,string,"R6018\r\n- unexpected heap error\r\n"
0x470830,string,"R6017\r\n- unexpected multithread lock error\r\n"
0x470860,string,"R6016\r\n- not enough space for thread data\r\n"
0x470890,string,"\r\nThis application has requested the Runtime to terminate it in an unusual way.\nPlease contact the application\'s support team for more information.\r\n"
0x470928,string,"R6009\r\n- not enough space for environment\r\n"
0x470954,string,"R6008\r\n- not enough space for arguments\r\n"
0x470980,string,"R6002\r\n- floating point not loaded\r\n"
0x4709a8,string,"Runtime Error!\n\nProgram: "
0x470a58,string,"exp10"
0x4747cc,string,"GetProcessWindowStation"
0x4747e4,string,"GetUserObjectInformationA"
0x474800,string,"GetLastActivePopup"
0x474814,string,"GetActiveWindow"
0x474824,string,"MessageBoxA"
0x474830,string,"user32.dll"
0x47483c,string,"InitializeCriticalSectionAndSpinCount"
0x474864,string,"kernel32.dll"
0x474894,string,"HH:mm:ss"
0x4748a0,string,"dddd, MMMM dd, yyyy"
0x4748b4,string,"MM/dd/yy"
0x4748c8,string,"December"
0x4748d4,string,"November"
0x4748e0,string,"October"
0x4748e8,string,"September"
0x4748f4,string,"August"
0x47490c,string,"April"
0x474914,string,"March"
0x47491c,string,"February"
0x474928,string,"January"
0x474960,string,"Saturday"
0x47496c,string,"Friday"
0x474974,string,"Thursday"
0x474980,string,"Wednesday"
0x47498c,string,"Tuesday"
0x474994,string,"Monday"
0x47499c,string,"Sunday"
0x474a34,string,"1#QNAN"
0x474a3c,string,"1#INF"
0x474a44,string,"1#IND"
0x474a4c,string,"1#SNAN"
0x474a74,string,"SunMonTueWedThuFriSat"
0x474a8c,string,"JanFebMarAprMayJunJulAugSepOctNovDec"
